INSERT INTO personal_data (first_name, last_name, birthday, phone_number) VALUES 
	('Polly', 'Thiel', '1942-10-21T00:02:40.408Z', '506.490.7049 x42097'),
	('Cordell', 'Ondricka', '2002-01-30T17:30:27.270Z', '(625) 971-3869'),
	('Leon', 'Bednar', '1951-10-15T00:36:20.974Z', '1-896-453-5395 x5715'),
	('Jewell', 'Bogan', '1984-09-01T11:57:57.644Z', '(761) 203-1301 x20899'),
	('Genevieve', 'Willms', '1949-10-02T13:11:36.302Z', '463.743.3537 x17681'),
	('Christophe', 'Grady', '1954-02-03T13:24:48.459Z', '482-441-9327 x5135'),
	('Shayne', 'Quigley', '1999-10-27T12:15:52.730Z', '1-694-431-8906'),
	('Casper', 'Mayer', '1987-03-19T19:00:59.177Z', '1-451-557-4580'),
	('Catherine', 'Zulauf', '1996-12-03T05:21:15.451Z', '574.843.8925'),
	('Bernita', 'Bechtelar', '1963-02-13T07:13:48.583Z', '(293) 440-1083 x7254'),
	('Baron', 'Jacobs', '1961-01-28T03:55:15.044Z', '436.439.6060 x27874'),
	('Austin', 'Kirlin', '1997-01-16T08:06:33.568Z', '408-943-4587 x99849'),
	('Timothy', 'Schimmel', '1994-06-02T00:42:00.412Z', '(346) 804-2508 x570'),
	('Raoul', 'Rippin', '1989-10-20T16:41:41.731Z', '351-661-4407 x52981'),
	('Lorenza', 'Dickens', '1979-08-21T10:08:22.300Z', '1-800-605-3965 x087'),
	('Gerhard', 'Gutmann', '1999-12-08T08:35:18.822Z', '527.434.5283 x493'),
	('Valentine', 'Sipes', '1953-12-18T08:56:48.684Z', '813-233-2860 x837'),
	('Sofia', 'McKenzie', '1952-04-17T01:55:15.343Z', '676.482.4010'),
	('Florence', 'Okuneva', '1983-06-06T21:31:31.253Z', '778-268-7061 x357'),
	('Quentin', 'Abbott', '1949-07-16T01:07:44.020Z', '1-234-311-5417');
INSERT INTO cars (number, brand, model, manufacture_year) VALUES 
	('CA95NFV', 'Aston Martin', 'V90', 2019),
	('YB73HSQ', 'Lamborghini', 'Model 3', 2011),
	('UG76VTG', 'Land Rover', 'Golf', 2005),
	('JU62WDM', 'Rolls Royce', 'Explorer', 2003),
	('ZY77HXY', 'Hyundai', 'Sentra', 2020),
	('IO64TMW', 'Fiat', 'Model T', 2010),
	('KD58FNY', 'Hyundai', 'PT Cruiser', 1999),
	('KT93YLQ', 'Chevrolet', 'Impala', 2009),
	('WJ22OXB', 'Chevrolet', 'Golf', 2008),
	('UZ46UJP', 'Audi', 'Challenger', 2008);
INSERT INTO couriers (personal_data_id, car_number, driver_license_number) VALUES 
	(1, 'CA95NFV', 'J9685Z31EXEP82144'),
	(2, 'YB73HSQ', '33FLRJB5PXTJ81456'),
	(3, 'UG76VTG', '449JLW5JL7CA83083'),
	(4, 'JU62WDM', 'BYFZ0HH8CLAB41127'),
	(5, 'ZY77HXY', '7WR9YW5KE9P292141'),
	(6, 'IO64TMW', '59XRL1MNC3YD63195'),
	(7, 'KD58FNY', 'JA4ZYY6W66VD16056'),
	(8, 'KT93YLQ', 'H06CGB21KML533649'),
	(9, 'WJ22OXB', '3Z51CUMDB2R498632'),
	(10, 'UZ46UJP', 'DAYG34WPGBYK95901');
INSERT INTO senders (personal_data_id) VALUES 
	(11),
	(12),
	(13),
	(14),
	(15),
	(16),
	(17),
	(18),
	(19),
	(20);
INSERT INTO items (name, description, length, width, height, weight, min_age) VALUES 
	('Soap', 'The Apollotech B340 is an affordable wireless mouse with reliable connectivity, 12 months battery life and modern design', 2.6734929476163654, 0.37824681341580946, 1.190713989539437, 2.5213617947596116, 19),
	('Bacon', 'The automobile layout consists of a front-engine design, with transaxle-type transmissions mounted at the rear of the engine and four wheel drive', 0.06484415501711416, 2.6819598681231627, 1.7834177522232295, 1.4625785354165401, 14),
	('Bike', 'The Apollotech B340 is an affordable wireless mouse with reliable connectivity, 12 months battery life and modern design', 1.995351279392016, 0.8307840838112182, 0.9435456043305652, 1.7776824857435123, 13),
	('Gloves', 'The Apollotech B340 is an affordable wireless mouse with reliable connectivity, 12 months battery life and modern design', 0.9841071219667779, 0.4264259134563404, 0.27518047515756283, 0.6777770670216756, 20),
	('Chips', 'The Nagasaki Lander is the trademarked name of several series of Nagasaki sport bikes, that started with the 1984 ABC800J', 0.251047178986322, 1.5193442519241795, 2.144746234369537, 0.6472460053853093, 19),
	('Sausages', 'Ergonomic executive chair upholstered in bonded black leather and PVC padded seat and back for all-day comfort and support', 1.4739262483869495, 1.2377714652509306, 0.455582570366891, 2.1058981373859402, 15),
	('Chicken', 'Andy shoes are designed to keeping in mind durability as well as trends, the most stylish range of shoes & sandals', 2.9898122869333017, 0.22126068508453645, 2.162736058190867, 2.4483892244835666, 18),
	('Fish', 'The slim & simple Maple Gaming Keyboard from Dev Byte comes with a sleek body and 7- Color RGB LED Back-lighting for smart functionality', 1.9001926819426112, 2.871063704014791, 1.8891466743160152, 0.8157567014025979, 20),
	('Computer', 'Carbonite web goalkeeper gloves are ergonomically designed to give easy fit', 2.7324691348094676, 2.272494434340558, 0.008992251034393162, 2.9552561896961276, 12),
	('Shoes', 'Carbonite web goalkeeper gloves are ergonomically designed to give easy fit', 0.9169294973830444, 2.055196132359235, 2.928600345804854, 0.06870579439956526, 15),
	('Chair', 'The Apollotech B340 is an affordable wireless mouse with reliable connectivity, 12 months battery life and modern design', 1.8231406692748462, 2.5748648915212007, 0.7148285463865571, 1.5434759638816455, 21),
	('Salad', 'The Nagasaki Lander is the trademarked name of several series of Nagasaki sport bikes, that started with the 1984 ABC800J', 1.0907700529778197, 0.4163162130384319, 2.8341981982116042, 0.22421184390082938, 20),
	('Sausages', 'The beautiful range of Apple Naturalé that has an exciting mix of natural ingredients. With the Goodness of 100% Natural Ingredients', 0.7257753214995482, 1.5663226095320912, 2.106006877410448, 2.5669126246376237, 16),
	('Bike', 'The automobile layout consists of a front-engine design, with transaxle-type transmissions mounted at the rear of the engine and four wheel drive', 1.7391822822589853, 0.7774964813022318, 2.1455434725931672, 2.622061789420231, 14),
	('Hat', 'The Nagasaki Lander is the trademarked name of several series of Nagasaki sport bikes, that started with the 1984 ABC800J', 2.6140001852868524, 1.062851357570643, 1.608311909038502, 1.3749660200157867, 20),
	('Bike', 'The Nagasaki Lander is the trademarked name of several series of Nagasaki sport bikes, that started with the 1984 ABC800J', 2.951962824478512, 2.8100312176703452, 1.0142559743850426, 2.0337446026534467, 18),
	('Pants', 'The automobile layout consists of a front-engine design, with transaxle-type transmissions mounted at the rear of the engine and four wheel drive', 2.3634409305970676, 1.1265936240143917, 1.9144646080534922, 1.8971888012170433, 21),
	('Bike', 'The Football Is Good For Training And Recreational Purposes', 1.3759414580263536, 2.4777704599796597, 1.731108502128316, 0.8722708374999797, 13),
	('Salad', 'The Nagasaki Lander is the trademarked name of several series of Nagasaki sport bikes, that started with the 1984 ABC800J', 1.331845192377692, 2.5136209242512266, 1.9711640103592238, 0.4680137694533646, 19),
	('Chair', 'Andy shoes are designed to keeping in mind durability as well as trends, the most stylish range of shoes & sandals', 0.12599537076594203, 0.20883201241024696, 1.4649182791969186, 0.4851169367945567, 12),
	('Chips', 'The beautiful range of Apple Naturalé that has an exciting mix of natural ingredients. With the Goodness of 100% Natural Ingredients', 0.9863142194928571, 1.493423991093757, 2.333150240023558, 1.4163039038457739, 20),
	('Chips', 'Boston‘s most advanced compression wear technology increases muscle oxygenation, stabilizes active muscles', 1.0783241904108003, 0.2850843442396951, 2.7180539271618827, 2.0254681084140005, 16),
	('Tuna', 'The automobile layout consists of a front-engine design, with transaxle-type transmissions mounted at the rear of the engine and four wheel drive', 1.1938300035275062, 0.231848399182764, 1.6653789170722781, 1.734442247775712, 19),
	('Cheese', 'The slim & simple Maple Gaming Keyboard from Dev Byte comes with a sleek body and 7- Color RGB LED Back-lighting for smart functionality', 1.1007926879186323, 1.1586787185948968, 1.3079704703810824, 0.21482249400790066, 16),
	('Shirt', 'The automobile layout consists of a front-engine design, with transaxle-type transmissions mounted at the rear of the engine and four wheel drive', 2.146054336609189, 0.5892856061772986, 1.0038788850772564, 0.023695849675166913, 21),
	('Chair', 'Carbonite web goalkeeper gloves are ergonomically designed to give easy fit', 0.11772787214766689, 1.351676540630452, 1.797248795635999, 0.7917540058568446, 12),
	('Chips', 'Boston‘s most advanced compression wear technology increases muscle oxygenation, stabilizes active muscles', 0.7040360452562988, 0.13120266687650184, 0.1613342392685433, 1.5211635332822582, 14),
	('Fish', 'The slim & simple Maple Gaming Keyboard from Dev Byte comes with a sleek body and 7- Color RGB LED Back-lighting for smart functionality', 2.8093972741542395, 1.4782847823383243, 2.2411273177554727, 1.035184120720085, 17),
	('Cheese', 'The Apollotech B340 is an affordable wireless mouse with reliable connectivity, 12 months battery life and modern design', 0.846385906923413, 0.3707384174074271, 1.1477412745638949, 0.7503176606235789, 21),
	('Ball', 'The Football Is Good For Training And Recreational Purposes', 2.354941419846403, 1.9340388616277573, 1.1121726749965462, 0.3756987543964463, 18),
	('Cheese', 'The Apollotech B340 is an affordable wireless mouse with reliable connectivity, 12 months battery life and modern design', 1.513777342194552, 1.9518208734522955, 0.30360039829897967, 0.8709550945159061, 15),
	('Computer', 'The beautiful range of Apple Naturalé that has an exciting mix of natural ingredients. With the Goodness of 100% Natural Ingredients', 1.939475855750869, 2.315466643134098, 0.19205347512476045, 2.135454436483105, 13),
	('Chips', 'New range of formal shirts are designed keeping you in mind. With fits and styling that will make you stand apart', 2.385689149767376, 1.3070238308940234, 2.3127974438682495, 2.9966816902980655, 13),
	('Soap', 'Andy shoes are designed to keeping in mind durability as well as trends, the most stylish range of shoes & sandals', 0.8020286489790447, 0.5444345907916017, 0.26726513653293393, 1.6597983982894915, 15),
	('Salad', 'The Football Is Good For Training And Recreational Purposes', 0.935122361139074, 2.845808695164653, 1.9014841756078718, 2.4918134867447232, 17),
	('Mouse', 'The Apollotech B340 is an affordable wireless mouse with reliable connectivity, 12 months battery life and modern design', 0.014136792661798347, 2.601211442155158, 1.31238330601776, 0.1900926710688431, 15),
	('Soap', 'The slim & simple Maple Gaming Keyboard from Dev Byte comes with a sleek body and 7- Color RGB LED Back-lighting for smart functionality', 1.4648730875407308, 1.462075009804683, 2.9060720618408586, 0.940443226366857, 21),
	('Soap', 'Carbonite web goalkeeper gloves are ergonomically designed to give easy fit', 0.8170494778610222, 1.6821435197189731, 1.1505513155499005, 0.3190401661405118, 13),
	('Bacon', 'Boston‘s most advanced compression wear technology increases muscle oxygenation, stabilizes active muscles', 2.5253369148657896, 1.8567146065217208, 2.1964137363998537, 0.5825043013227944, 18),
	('Pants', 'New ABC 13 9370, 13.3, 5th Gen CoreA5-8250U, 8GB RAM, 256GB SSD, power UHD Graphics, OS 10 Home, OS Office A & J 2016', 0.49300816099601596, 2.3911461556317897, 1.8894793789151467, 1.8011083442625018, 14),
	('Table', 'New range of formal shirts are designed keeping you in mind. With fits and styling that will make you stand apart', 2.642457715092041, 2.5588059604509654, 1.8033956179105326, 0.9250252433124058, 14),
	('Fish', 'The Nagasaki Lander is the trademarked name of several series of Nagasaki sport bikes, that started with the 1984 ABC800J', 0.1595156247718441, 2.4038717152487408, 1.473800089432403, 0.00850821336242058, 18),
	('Sausages', 'New ABC 13 9370, 13.3, 5th Gen CoreA5-8250U, 8GB RAM, 256GB SSD, power UHD Graphics, OS 10 Home, OS Office A & J 2016', 2.630979273031068, 2.8900210994671287, 0.5417576620514379, 2.218983077431038, 20),
	('Fish', 'The beautiful range of Apple Naturalé that has an exciting mix of natural ingredients. With the Goodness of 100% Natural Ingredients', 2.943317606111127, 2.5060200264984474, 0.33003122757135306, 2.299863357593706, 14),
	('Shoes', 'Andy shoes are designed to keeping in mind durability as well as trends, the most stylish range of shoes & sandals', 1.3031876862632368, 0.38490773184684635, 1.2521396203101987, 0.28796028705804066, 18),
	('Shirt', 'New range of formal shirts are designed keeping you in mind. With fits and styling that will make you stand apart', 2.370568691896736, 2.5750700481006548, 1.6005279776319654, 2.6661557042959725, 12),
	('Sausages', 'The beautiful range of Apple Naturalé that has an exciting mix of natural ingredients. With the Goodness of 100% Natural Ingredients', 2.8903502541334127, 1.2764355903271707, 1.0300797713205523, 0.5721130536568457, 16),
	('Tuna', 'The beautiful range of Apple Naturalé that has an exciting mix of natural ingredients. With the Goodness of 100% Natural Ingredients', 0.6013045862434794, 2.7765185697119863, 1.2834647998510715, 2.1230629220538093, 12),
	('Shoes', 'Ergonomic executive chair upholstered in bonded black leather and PVC padded seat and back for all-day comfort and support', 1.6655717482371752, 0.39135387220112827, 2.708930712785674, 2.030047924443198, 14),
	('Mouse', 'Ergonomic executive chair upholstered in bonded black leather and PVC padded seat and back for all-day comfort and support', 0.3937243961435293, 0.24120367214866323, 0.35583120675519875, 0.6214557585454223, 19);
INSERT INTO points_coordinates (latitude, longitude) VALUES 
	( 82.1905, 5.8516),
	( 84.5851, 173.8762),
	( 47.6232, 16.1824),
	( 23.4313, -147.5747),
	( 38.7507, -26.6464),
	( 51.5728, 8.3553),
	( 89.3142, -139.8281),
	( -78.8575, 164.559),
	( -71.7654, 122.9643),
	( 81.4974, 55.6214),
	( 76.0378, -157.8434),
	( 55.0948, 96.1228),
	( 70.678, 126.2819),
	( -64.2418, 123.2659),
	( -21.3022, -176.0532),
	( 79.1465, 96.2247),
	( -63.59, -28.0481),
	( 83.989, -41.8059),
	( -44.794, -172.7454),
	( -85.107, -34.3917),
	( 88.9078, 170.9454),
	( 22.4846, 96.1515),
	( -28.6983, 39.2023),
	( -83.9304, 2.5532),
	( -53.6734, 52.8634),
	( -67.6362, 109.797),
	( 49.1431, -125.2594),
	( -5.2842, 11.9068),
	( 29.2754, 19.0893),
	( -82.2633, 75.661),
	( -85.7223, 67.51),
	( 30.2855, -51.2444),
	( 19.37, -108.3324),
	( 54.1494, 29.4467),
	( -74.1599, 27.1654),
	( -39.8104, -120.3121),
	( 60.0282, 131.2197),
	( -35.9637, -176.1967),
	( 33.7244, 0.9324),
	( -48.0858, 70.5081),
	( 71.6237, 95.6073),
	( -60.3912, 58.6536),
	( -71.3682, -28.579),
	( -29.1798, 84.1858),
	( 32.5992, 50.534),
	( 27.3713, 171.8171),
	( -29.4076, -176.8581),
	( 37.4098, -96.928),
	( -26.4715, 167.1606),
	( 68.0334, -145.9845);
INSERT INTO points (coordinates_id, address) VALUES 
	(42, '3194 Lueilwitz Lane'),
	(23, '05760 Ronny Route'),
	(7, '260 Percy Knoll'),
	(35, '7207 Josiane Parkways'),
	(17, '900 Napoleon Unions'),
	(37, '19358 Bernadette Lane'),
	(48, '89984 Cora Shores'),
	(11, '9847 Waters Streets'),
	(38, '854 Schuppe Crossing'),
	(41, '544 Jace Grove'),
	(23, '7857 Rhett Falls'),
	(48, '4267 Farrell Pines'),
	(45, '74025 Hans Crest'),
	(1, '38122 Jeffry Crossing'),
	(21, '64185 Muller Pass'),
	(43, '24062 Bartell Spurs'),
	(33, '13648 Claude Village'),
	(1, '948 Gene Freeway'),
	(11, '5898 Jazlyn Branch'),
	(28, '358 Lowell Burgs'),
	(31, '0924 Kendall Field'),
	(48, '71098 McClure Fields'),
	(23, '951 Darrion Overpass'),
	(14, '16170 Aliza Crest'),
	(40, '773 Wilderman Freeway'),
	(29, '6803 Littel Way'),
	(1, '272 Murphy Harbor'),
	(41, '56584 Jonathon Heights'),
	(43, '5226 Hulda Lake'),
	(34, '59559 Feil Meadows'),
	(18, '607 Kiehn Locks'),
	(16, '957 Ali Rapids'),
	(15, '88028 Schuppe Spur'),
	(8, '1313 Hansen Crescent'),
	(17, '283 Cummerata River'),
	(7, '581 Daniel Groves'),
	(45, '086 Brock Manors'),
	(21, '082 Dare Trace'),
	(19, '551 Newton Tunnel'),
	(8, '6646 Ethelyn Course'),
	(33, '0531 Cary Courts'),
	(28, '4250 Nicolas Extensions'),
	(38, '16815 Terrence Burgs'),
	(19, '3274 Gregory Groves'),
	(30, '693 Madisen Rapid'),
	(33, '848 Cruickshank Manors'),
	(2, '7908 Quinton Creek'),
	(30, '25011 Ida Glens'),
	(24, '4674 Aurelia Via'),
	(42, '5982 Schmitt Corners');
INSERT INTO waybills (courier_id) VALUES 
	(1),
	(8),
	(3),
	(1),
	(5),
	(10),
	(8),
	(2),
	(3),
	(1),
	(4),
	(2),
	(7),
	(9),
	(5),
	(3);
INSERT INTO orders (sender_id, source_point_id, delivery_point_id, return_point_id, recipient_name, recipient_phone, waybill_id, status) VALUES 
	(12, 3, 31, 42, 'Zachary Hodkiewicz', '(637) 662-1141 x2899', 1, 'finished'),
	(17, 20, 23, 47, 'Doug Batz', '(657) 299-0109 x1444', 1, 'finished'),
	(18, 29, 37, 49, 'Bridget Trantow Sr.', '1-320-905-7992 x006', 2, 'returned'),
	(14, 9, 24, 46, 'Corey Zulauf', '482.699.9527', 2, 'returned'),
	(19, 5, 33, 46, 'Mr. Maurice Stark', '(323) 405-9969 x2795', 2, 'returned'),
	(16, 11, 26, 29, 'Marguerite Terry', '916-517-1164 x98698', 3, 'finished'),
	(20, 14, 27, 49, 'Kyle Yundt', '216-558-4291 x04884', 3, 'finished'),
	(18, 1, 38, 39, 'Norma Beer', '470-205-7430 x97104', 3, 'finished'),
	(18, 13, 19, 41, 'Esther Walter', '474.636.0039', 4, 'courier_found'),
	(15, 22, 37, 45, 'Edmond Greenholt', '258.508.8666 x8496', 4, 'courier_found'),
	(19, 1, 8, 31, 'Scott Terry', '(750) 888-6536 x6465', 4, 'courier_found'),
	(13, 17, 23, 37, 'Miss Christine Frami', '1-804-404-5531', 4, 'courier_found'),
	(13, 27, 39, 47, 'Cindy Donnelly', '226.480.8435 x621', 5, 'finished'),
	(11, 16, 24, 28, 'Maria Kiehn', '266.202.8970 x72430', 5, 'finished'),
	(19, 2, 26, 44, 'Kristie Mitchell PhD', '558.211.4883 x055', 5, 'finished'),
	(14, 2, 16, 17, 'Ann Hudson V', '1-373-854-1495 x686', 5, 'finished'),
	(14, 22, 29, 37, 'Marc O‘Kon', '1-371-954-1453 x982', 6, 'courier_found'),
	(13, 10, 20, 47, 'Kerry Simonis', '372-329-7292 x540', 7, 'failed'),
	(18, 3, 13, 18, 'Richard Littel', '1-938-913-4589 x3637', 7, 'failed'),
	(12, 28, 29, 38, 'Sabrina Orn', '298-624-4938', 7, 'failed'),
	(19, 16, 29, 48, 'Anita Sauer', '983.312.5621 x73751', 7, 'failed'),
	(13, 15, 33, 46, 'Jaime Mosciski', '293-869-4333', 8, 'finished'),
	(19, 11, 37, 38, 'Alexandra Sawayn', '1-386-751-5251', 8, 'finished'),
	(19, 2, 24, 39, 'Andrew Pacocha V', '491.968.0434 x98326', 8, 'finished'),
	(17, 22, 34, 37, 'Miss Jeffery Hills', '945-249-7301 x43591', 9, 'finished'),
	(11, 33, 34, 43, 'Silvia Kshlerin PhD', '481-921-2363 x190', 9, 'finished'),
	(14, 1, 13, 48, 'Freda Strosin', '847.465.0027 x0578', 9, 'finished'),
	(12, 16, 18, 28, 'Jaime Strosin', '1-334-777-8664 x327', 9, 'finished'),
	(13, 7, 21, 34, 'Traci Larson', '919-318-4909 x08000', 10, 'finished'),
	(14, 11, 32, 46, 'Leland Haley', '1-995-774-6075', 10, 'finished'),
	(20, 2, 3, 8, 'Mr. Brooke Hodkiewicz', '1-302-943-0282 x405', 11, 'finished'),
	(17, 25, 32, 42, 'Julie Green', '763-556-6237 x0988', 11, 'finished'),
	(12, 20, 33, 40, 'Ms. Ismael Jacobs', '583.440.8594 x02970', 12, 'finished'),
	(16, 6, 39, 46, 'Vicki Parisian', '(466) 847-4433 x7885', 13, 'finished'),
	(16, 13, 25, 49, 'Donald Kuhic', '1-658-639-6539 x593', 14, 'finished'),
	(16, 4, 16, 42, 'Faith Graham', '1-849-474-1127', 15, 'finished'),
	(16, 9, 10, 33, 'Kelvin Rau I', '(756) 648-5084 x266', 16, 'courier_found'),
	(19, 11, 32, 48, 'Melba Grimes', '1-304-256-9263 x55279', NULL, 'courier_lookup'),
	(18, 2, 32, 50, 'Cameron Wiegand', '890-384-6801 x7101', NULL, 'courier_lookup'),
	(14, 28, 39, 48, 'Rita Jacobs Jr.', '262-599-8290 x339', NULL, 'courier_lookup'),
	(13, 5, 18, 45, 'Merle Leffler', '408-487-3127 x36179', NULL, 'courier_lookup'),
	(12, 20, 33, 39, 'Mr. Jesse Christiansen', '860.437.1416', NULL, 'courier_lookup'),
	(18, 13, 15, 29, 'Holly Turner', '963-442-1984 x05872', NULL, 'failed'),
	(11, 21, 31, 32, 'Lee Jones', '(416) 493-1953 x06242', NULL, 'cancelled'),
	(13, 22, 33, 42, 'Thelma O‘Connell', '1-641-562-1045 x901', NULL, 'new'),
	(20, 17, 21, 47, 'Annie Sporer', '442.281.3261 x760', NULL, 'failed'),
	(20, 18, 29, 32, 'Cora Kautzer', '1-434-220-4826 x501', NULL, 'cancelled'),
	(14, 17, 37, 44, 'Myron Goodwin', '1-664-938-8945 x31197', NULL, 'accepted'),
	(20, 24, 36, 45, 'Johnathan Kuhn', '245-930-3124 x605', NULL, 'accepted'),
	(20, 11, 33, 44, 'Martin Stroman', '264-639-3966 x8564', NULL, 'courier_lookup');
INSERT INTO order_items (item_id, order_id, number) VALUES 
	(2, 1, 4),
	(6, 1, 2),
	(7, 1, 1),
	(8, 1, 4),
	(9, 1, 1),
	(13, 1, 4),
	(14, 1, 2),
	(17, 1, 2),
	(22, 1, 2),
	(24, 1, 3),
	(26, 1, 4),
	(31, 1, 2),
	(32, 1, 4),
	(41, 1, 1),
	(43, 1, 2),
	(50, 1, 4),
	(6, 2, 3),
	(11, 2, 2),
	(13, 2, 4),
	(15, 2, 3),
	(16, 2, 4),
	(18, 2, 3),
	(28, 2, 2),
	(29, 2, 2),
	(35, 2, 4),
	(38, 2, 3),
	(39, 2, 4),
	(46, 2, 3),
	(1, 3, 4),
	(11, 3, 4),
	(22, 3, 1),
	(23, 3, 1),
	(29, 3, 4),
	(33, 3, 2),
	(37, 3, 4),
	(43, 3, 4),
	(44, 3, 2),
	(45, 3, 1),
	(48, 3, 3),
	(1, 4, 1),
	(3, 4, 2),
	(14, 4, 4),
	(18, 4, 2),
	(27, 4, 1),
	(29, 4, 1),
	(34, 4, 3),
	(40, 4, 1),
	(47, 4, 4),
	(5, 5, 2),
	(7, 5, 1),
	(16, 5, 4),
	(21, 5, 1),
	(23, 5, 2),
	(31, 5, 4),
	(35, 5, 1),
	(36, 5, 1),
	(40, 5, 1),
	(43, 5, 3),
	(46, 5, 4),
	(47, 5, 4),
	(4, 6, 1),
	(12, 6, 2),
	(22, 6, 1),
	(4, 7, 3),
	(5, 7, 3),
	(16, 7, 1),
	(22, 7, 4),
	(25, 7, 4),
	(27, 7, 1),
	(29, 7, 1),
	(35, 7, 2),
	(38, 7, 3),
	(39, 7, 4),
	(42, 7, 2),
	(48, 7, 3),
	(1, 8, 1),
	(2, 8, 2),
	(4, 8, 4),
	(10, 8, 3),
	(13, 8, 4),
	(15, 8, 3),
	(17, 8, 3),
	(18, 8, 4),
	(19, 8, 3),
	(21, 8, 3),
	(25, 8, 3),
	(27, 8, 2),
	(32, 8, 2),
	(33, 8, 2),
	(36, 8, 3),
	(37, 8, 4),
	(38, 8, 1),
	(41, 8, 4),
	(50, 8, 1),
	(3, 9, 3),
	(7, 9, 2),
	(18, 9, 1),
	(23, 9, 3),
	(24, 9, 2),
	(26, 9, 4),
	(38, 9, 3),
	(42, 9, 2),
	(43, 9, 1),
	(47, 9, 2),
	(48, 9, 2),
	(2, 10, 3),
	(4, 10, 3),
	(7, 10, 2),
	(15, 10, 3),
	(21, 10, 3),
	(24, 10, 3),
	(34, 10, 2),
	(38, 10, 4),
	(42, 10, 3),
	(43, 10, 1),
	(2, 11, 3),
	(7, 11, 1),
	(10, 11, 4),
	(14, 11, 1),
	(16, 11, 2),
	(18, 11, 1),
	(20, 11, 1),
	(30, 11, 1),
	(33, 11, 2),
	(41, 11, 2),
	(43, 11, 1),
	(44, 11, 2),
	(7, 12, 4),
	(10, 12, 1),
	(15, 12, 1),
	(17, 12, 3),
	(25, 12, 3),
	(31, 12, 4),
	(32, 12, 1),
	(36, 12, 3),
	(40, 12, 2),
	(43, 12, 2),
	(44, 12, 4),
	(4, 13, 1),
	(27, 13, 2),
	(35, 13, 2),
	(19, 14, 2),
	(39, 14, 3),
	(2, 15, 1),
	(7, 15, 4),
	(9, 15, 1),
	(10, 15, 3),
	(14, 15, 3),
	(17, 15, 4),
	(20, 15, 1),
	(21, 15, 3),
	(25, 15, 1),
	(34, 15, 4),
	(43, 15, 1),
	(48, 15, 2),
	(3, 16, 4),
	(6, 16, 2),
	(11, 16, 1),
	(15, 16, 3),
	(28, 16, 4),
	(29, 16, 2),
	(30, 16, 2),
	(32, 16, 1),
	(33, 16, 3),
	(41, 16, 4),
	(42, 16, 3),
	(44, 16, 3),
	(48, 16, 1),
	(11, 17, 1),
	(13, 17, 4),
	(24, 17, 4),
	(25, 17, 4),
	(27, 17, 3),
	(28, 17, 3),
	(34, 17, 3),
	(35, 17, 3),
	(44, 17, 3),
	(47, 17, 3),
	(48, 17, 4),
	(50, 17, 2),
	(2, 18, 1),
	(3, 18, 1),
	(4, 18, 1),
	(5, 18, 2),
	(13, 18, 2),
	(22, 18, 2),
	(29, 18, 1),
	(36, 18, 4),
	(38, 18, 2),
	(41, 18, 2),
	(43, 18, 1),
	(45, 18, 2),
	(13, 19, 2),
	(27, 19, 1),
	(28, 19, 2),
	(32, 19, 3),
	(47, 19, 1),
	(50, 19, 1),
	(1, 20, 4),
	(4, 20, 3),
	(22, 20, 2),
	(28, 20, 2),
	(30, 20, 1),
	(34, 20, 3),
	(39, 20, 1),
	(6, 21, 2),
	(8, 21, 4),
	(25, 21, 1),
	(29, 21, 2),
	(50, 21, 2),
	(2, 22, 2),
	(36, 22, 4),
	(42, 22, 3),
	(45, 22, 1),
	(47, 22, 4),
	(1, 23, 3),
	(3, 23, 2),
	(9, 23, 1),
	(15, 23, 2),
	(16, 23, 4),
	(19, 23, 3),
	(26, 23, 3),
	(29, 23, 1),
	(33, 23, 4),
	(41, 23, 3),
	(49, 23, 1),
	(4, 24, 4),
	(9, 24, 1),
	(11, 24, 2),
	(12, 24, 2),
	(13, 24, 3),
	(14, 24, 4),
	(16, 24, 1),
	(18, 24, 1),
	(28, 24, 2),
	(29, 24, 1),
	(32, 24, 1),
	(36, 24, 4),
	(37, 24, 3),
	(42, 24, 2),
	(43, 24, 3),
	(48, 24, 3),
	(50, 24, 3),
	(4, 25, 2),
	(6, 25, 1),
	(9, 25, 3),
	(18, 25, 3),
	(27, 25, 2),
	(40, 25, 1),
	(50, 25, 4),
	(7, 26, 4),
	(16, 26, 3),
	(33, 26, 4),
	(40, 26, 4),
	(44, 26, 3),
	(1, 27, 1),
	(12, 27, 3),
	(14, 27, 3),
	(19, 27, 2),
	(20, 27, 3),
	(23, 27, 3),
	(24, 27, 2),
	(26, 27, 2),
	(28, 27, 1),
	(32, 27, 3),
	(33, 27, 1),
	(36, 27, 4),
	(43, 27, 4),
	(48, 27, 4),
	(2, 29, 1),
	(3, 29, 3),
	(4, 29, 2),
	(5, 29, 3),
	(6, 29, 3),
	(11, 29, 1),
	(16, 29, 1),
	(22, 29, 2),
	(26, 29, 4),
	(27, 29, 3),
	(28, 29, 1),
	(29, 29, 3),
	(31, 29, 1),
	(34, 29, 1),
	(37, 29, 1),
	(38, 29, 3),
	(39, 29, 3),
	(40, 29, 3),
	(46, 29, 4),
	(19, 30, 4),
	(22, 30, 2),
	(26, 30, 1),
	(34, 30, 2),
	(37, 30, 3),
	(2, 31, 1),
	(11, 31, 2),
	(13, 31, 1),
	(14, 31, 2),
	(17, 31, 4),
	(18, 31, 2),
	(21, 31, 2),
	(24, 31, 2),
	(27, 31, 4),
	(28, 31, 2),
	(29, 31, 3),
	(30, 31, 3),
	(33, 31, 1),
	(37, 31, 3),
	(41, 31, 4),
	(46, 31, 3),
	(34, 33, 3),
	(11, 34, 2),
	(12, 34, 2),
	(31, 34, 3),
	(7, 35, 3),
	(11, 35, 1),
	(20, 35, 1),
	(21, 35, 3),
	(22, 35, 3),
	(28, 35, 3),
	(42, 35, 2),
	(49, 35, 2),
	(1, 36, 2),
	(10, 36, 1),
	(17, 36, 3),
	(24, 36, 2),
	(42, 36, 3),
	(4, 37, 2),
	(5, 37, 1),
	(13, 37, 1),
	(14, 37, 3),
	(15, 37, 2),
	(22, 37, 4),
	(24, 37, 1),
	(26, 37, 4),
	(27, 37, 1),
	(29, 37, 3),
	(33, 37, 1),
	(38, 37, 1),
	(40, 37, 2),
	(42, 37, 3),
	(46, 37, 2),
	(48, 37, 1),
	(1, 38, 3),
	(6, 38, 4),
	(8, 38, 2),
	(13, 38, 2),
	(14, 38, 1),
	(15, 38, 2),
	(16, 38, 4),
	(18, 38, 4),
	(21, 38, 1),
	(24, 38, 1),
	(25, 38, 1),
	(29, 38, 2),
	(31, 38, 2),
	(41, 38, 4),
	(42, 38, 4),
	(50, 38, 1),
	(19, 39, 1),
	(27, 39, 3),
	(33, 39, 2),
	(1, 40, 4),
	(4, 40, 1),
	(5, 40, 1),
	(7, 40, 1),
	(14, 40, 2),
	(19, 40, 4),
	(21, 40, 3),
	(24, 40, 2),
	(26, 40, 1),
	(30, 40, 2),
	(31, 40, 2),
	(34, 40, 3),
	(38, 40, 3),
	(40, 40, 1),
	(49, 40, 3),
	(4, 41, 4),
	(12, 41, 4),
	(16, 41, 3),
	(37, 41, 1),
	(38, 41, 2),
	(2, 42, 4),
	(3, 42, 4),
	(6, 42, 4),
	(9, 42, 3),
	(11, 42, 4),
	(12, 42, 1),
	(14, 42, 1),
	(19, 42, 1),
	(21, 42, 2),
	(22, 42, 2),
	(30, 42, 1),
	(36, 42, 1),
	(40, 42, 3),
	(41, 42, 1),
	(42, 42, 2),
	(43, 42, 4),
	(47, 42, 1),
	(7, 43, 2),
	(11, 43, 3),
	(15, 43, 2),
	(21, 43, 2),
	(46, 43, 1),
	(1, 44, 4),
	(2, 44, 2),
	(3, 44, 1),
	(8, 44, 3),
	(9, 44, 2),
	(16, 44, 3),
	(40, 44, 2),
	(44, 44, 3),
	(46, 44, 3),
	(5, 45, 1),
	(6, 45, 3),
	(18, 45, 1),
	(19, 45, 1),
	(20, 45, 3),
	(23, 45, 4),
	(27, 45, 4),
	(36, 45, 3),
	(38, 45, 1),
	(42, 45, 1),
	(47, 45, 4),
	(2, 46, 1),
	(3, 46, 4),
	(13, 46, 4),
	(22, 46, 2),
	(24, 46, 2),
	(28, 46, 2),
	(32, 46, 1),
	(37, 46, 2),
	(44, 46, 1),
	(1, 48, 3),
	(10, 48, 2),
	(17, 48, 4),
	(22, 48, 2),
	(25, 48, 4),
	(29, 48, 1),
	(33, 48, 2),
	(37, 48, 3),
	(38, 48, 1),
	(39, 48, 3),
	(41, 48, 2),
	(42, 48, 4),
	(44, 48, 3),
	(49, 48, 3),
	(50, 48, 1),
	(18, 49, 4),
	(19, 49, 3),
	(21, 49, 1),
	(22, 49, 1),
	(23, 49, 3),
	(26, 49, 1),
	(29, 49, 1),
	(31, 49, 3),
	(34, 49, 1),
	(36, 49, 4),
	(37, 49, 4),
	(38, 49, 2),
	(43, 49, 1),
	(49, 49, 1),
	(50, 49, 2),
	(3, 50, 2),
	(5, 50, 2),
	(9, 50, 1),
	(15, 50, 4),
	(19, 50, 2),
	(21, 50, 2),
	(23, 50, 1),
	(26, 50, 3),
	(32, 50, 4),
	(34, 50, 4),
	(46, 50, 4);
INSERT INTO waybill_points (point_id, order_id, type, visit_order, visited) VALUES 
	(20, 2, 'source', 1, FALSE),
	(23, 2, 'delivery', 2, FALSE),
	(47, 2, 'return', 3, FALSE),
	(3, 1, 'source', 4, FALSE),
	(31, 1, 'delivery', 5, FALSE),
	(42, 1, 'return', 6, FALSE),
	(29, 3, 'source', 1, FALSE),
	(9, 4, 'source', 2, FALSE),
	(24, 4, 'delivery', 3, FALSE),
	(5, 5, 'source', 4, FALSE),
	(46, 4, 'return', 5, FALSE),
	(33, 5, 'delivery', 6, FALSE),
	(37, 3, 'delivery', 7, FALSE),
	(49, 3, 'return', 8, FALSE),
	(46, 5, 'return', 9, FALSE),
	(1, 8, 'source', 1, FALSE),
	(38, 8, 'delivery', 2, FALSE),
	(14, 7, 'source', 3, FALSE),
	(39, 8, 'return', 4, FALSE),
	(11, 6, 'source', 5, FALSE),
	(26, 6, 'delivery', 6, FALSE),
	(27, 7, 'delivery', 7, FALSE),
	(29, 6, 'return', 8, FALSE),
	(49, 7, 'return', 9, FALSE),
	(22, 10, 'source', 1, FALSE),
	(1, 11, 'source', 2, FALSE),
	(13, 9, 'source', 3, FALSE),
	(17, 12, 'source', 4, FALSE),
	(23, 12, 'delivery', 5, FALSE),
	(37, 10, 'delivery', 6, FALSE),
	(45, 10, 'return', 7, FALSE),
	(19, 9, 'delivery', 8, FALSE),
	(8, 11, 'delivery', 9, FALSE),
	(31, 11, 'return', 10, FALSE),
	(37, 12, 'return', 11, FALSE),
	(41, 9, 'return', 12, FALSE),
	(2, 15, 'source', 1, FALSE),
	(27, 13, 'source', 2, FALSE),
	(26, 15, 'delivery', 3, FALSE),
	(16, 14, 'source', 4, FALSE),
	(39, 13, 'delivery', 5, FALSE),
	(44, 15, 'return', 6, FALSE),
	(2, 16, 'source', 7, FALSE),
	(16, 16, 'delivery', 8, FALSE),
	(17, 16, 'return', 9, FALSE),
	(47, 13, 'return', 10, FALSE),
	(24, 14, 'delivery', 11, FALSE),
	(28, 14, 'return', 12, FALSE),
	(22, 17, 'source', 1, FALSE),
	(29, 17, 'delivery', 2, FALSE),
	(37, 17, 'return', 3, FALSE),
	(16, 21, 'source', 1, FALSE),
	(10, 18, 'source', 2, FALSE),
	(20, 18, 'delivery', 3, FALSE),
	(29, 21, 'delivery', 4, FALSE),
	(48, 21, 'return', 5, FALSE),
	(3, 19, 'source', 6, FALSE),
	(28, 20, 'source', 7, FALSE),
	(47, 18, 'return', 8, FALSE),
	(13, 19, 'delivery', 9, FALSE),
	(18, 19, 'return', 10, FALSE),
	(29, 20, 'delivery', 11, FALSE),
	(38, 20, 'return', 12, FALSE),
	(2, 24, 'source', 1, FALSE),
	(15, 22, 'source', 2, FALSE),
	(33, 22, 'delivery', 3, FALSE),
	(46, 22, 'return', 4, FALSE),
	(24, 24, 'delivery', 5, FALSE),
	(11, 23, 'source', 6, FALSE),
	(39, 24, 'return', 7, FALSE),
	(37, 23, 'delivery', 8, FALSE),
	(38, 23, 'return', 9, FALSE),
	(22, 25, 'source', 1, FALSE),
	(33, 26, 'source', 2, FALSE),
	(1, 27, 'source', 3, FALSE),
	(34, 26, 'delivery', 4, FALSE),
	(34, 25, 'delivery', 5, FALSE),
	(43, 26, 'return', 6, FALSE),
	(37, 25, 'return', 7, FALSE),
	(13, 27, 'delivery', 8, FALSE),
	(16, 28, 'source', 9, FALSE),
	(18, 28, 'delivery', 10, FALSE),
	(48, 27, 'return', 11, FALSE),
	(28, 28, 'return', 12, FALSE),
	(7, 29, 'source', 1, FALSE),
	(21, 29, 'delivery', 2, FALSE),
	(11, 30, 'source', 3, FALSE),
	(34, 29, 'return', 4, FALSE),
	(32, 30, 'delivery', 5, FALSE),
	(46, 30, 'return', 6, FALSE),
	(25, 32, 'source', 1, FALSE),
	(32, 32, 'delivery', 2, FALSE),
	(42, 32, 'return', 3, FALSE),
	(2, 31, 'source', 4, FALSE),
	(3, 31, 'delivery', 5, FALSE),
	(8, 31, 'return', 6, FALSE),
	(20, 33, 'source', 1, FALSE),
	(33, 33, 'delivery', 2, FALSE),
	(40, 33, 'return', 3, FALSE),
	(6, 34, 'source', 1, FALSE),
	(39, 34, 'delivery', 2, FALSE),
	(46, 34, 'return', 3, FALSE),
	(13, 35, 'source', 1, FALSE),
	(25, 35, 'delivery', 2, FALSE),
	(49, 35, 'return', 3, FALSE),
	(4, 36, 'source', 1, FALSE),
	(16, 36, 'delivery', 2, FALSE),
	(42, 36, 'return', 3, FALSE),
	(9, 37, 'source', 1, FALSE),
	(10, 37, 'delivery', 2, FALSE),
	(33, 37, 'return', 3, FALSE);
INSERT INTO chats (order_id, updated_at) VALUES 
	(1, NOW()),
	(2, NOW()),
	(3, NOW()),
	(4, NOW()),
	(5, NOW()),
	(6, NOW()),
	(7, NOW()),
	(8, NOW()),
	(9, NOW()),
	(10, NOW()),
	(11, NOW()),
	(12, NOW()),
	(13, NOW()),
	(14, NOW()),
	(15, NOW()),
	(16, NOW()),
	(17, NOW()),
	(18, NOW()),
	(19, NOW()),
	(20, NOW()),
	(21, NOW()),
	(22, NOW()),
	(23, NOW()),
	(24, NOW()),
	(25, NOW()),
	(26, NOW()),
	(27, NOW()),
	(28, NOW()),
	(29, NOW()),
	(30, NOW()),
	(31, NOW()),
	(32, NOW()),
	(33, NOW()),
	(34, NOW()),
	(35, NOW()),
	(36, NOW()),
	(37, NOW());
INSERT INTO chat_messages (chat_id, person_id, message, created_at, status) VALUES 
	(1, 1, 'photograph cleric', '2022-11-29T13:17:19.239Z', 'sent'),
	(1, 12, 'whirlpool placode', '2022-02-10T19:52:59.071Z', 'sent'),
	(1, 1, 'barbeque desk', '2022-11-03T02:55:33.039Z', 'read'),
	(1, 1, 'insect heron', '2022-09-10T23:56:45.690Z', 'read'),
	(2, 1, 'ginseng jalapeño', '2022-12-10T21:17:37.269Z', 'read'),
	(2, 1, 'serval tape', '2022-11-15T03:24:25.875Z', 'received'),
	(2, 1, 'signify sponge', '2022-06-04T05:04:54.796Z', 'read'),
	(3, 8, 'urn solution', '2022-10-01T04:40:25.932Z', 'sent'),
	(3, 8, 'blow subsidiary', '2022-03-17T02:55:44.963Z', 'sent'),
	(3, 18, 'cloth apron', '2022-01-26T08:53:49.014Z', 'sent'),
	(3, 18, 'closure painting', '2022-04-26T03:32:41.580Z', 'received'),
	(3, 18, 'awareness porcelain', '2021-12-26T09:05:10.306Z', 'received'),
	(3, 18, 'sun feast', '2022-07-28T21:20:19.130Z', 'sent'),
	(3, 8, 'grandparent abnormality', '2022-08-24T23:51:50.476Z', 'received'),
	(3, 18, 'astronomy rabbit', '2022-12-15T03:21:50.354Z', 'received'),
	(4, 14, 'jailhouse collectivisation', '2022-04-28T05:49:34.085Z', 'read'),
	(4, 14, 'stir-fry reverse', '2022-05-03T00:32:13.273Z', 'sent'),
	(4, 8, 'amber quadrant', '2022-04-07T23:26:11.730Z', 'read'),
	(6, 3, 'gran stomach', '2022-09-29T04:22:53.768Z', 'sent'),
	(6, 16, 'murder sociology', '2022-08-02T19:31:10.251Z', 'received'),
	(6, 3, 'cartload possibility', '2022-12-11T22:02:00.895Z', 'read'),
	(7, 3, 'immigration mink', '2022-07-09T01:15:30.757Z', 'received'),
	(7, 3, 'shopper decoder', '2022-04-17T07:37:20.811Z', 'read'),
	(7, 3, 'subprime lime', '2022-05-16T11:33:57.385Z', 'sent'),
	(7, 20, 'vet rocket', '2022-04-08T16:30:31.492Z', 'received'),
	(8, 18, 'napkin archaeologist', '2022-11-28T18:16:06.765Z', 'sent'),
	(8, 3, 'baseball doubt', '2022-11-27T09:30:47.590Z', 'received'),
	(8, 18, 'medicine passing', '2022-11-11T12:34:14.553Z', 'sent'),
	(9, 18, 'frost shift', '2022-06-08T13:45:45.680Z', 'received'),
	(9, 18, 'childbirth undertaker', '2022-04-08T10:38:34.811Z', 'received'),
	(9, 18, 'congo spear', '2022-05-26T08:33:37.220Z', 'read'),
	(10, 15, 'weird video', '2022-11-25T20:01:31.284Z', 'sent'),
	(10, 1, 'guide dramaturge', '2022-04-10T01:20:28.963Z', 'read'),
	(10, 15, 'monitor criteria', '2022-07-01T01:13:25.908Z', 'read'),
	(10, 15, 'nightclub cellar', '2022-07-19T04:41:20.792Z', 'received'),
	(10, 1, 'silly emerald', '2022-10-06T12:51:51.815Z', 'read'),
	(10, 15, 'hook hierarchy', '2022-04-14T18:16:00.008Z', 'sent'),
	(11, 19, 'boon resale', '2022-09-16T13:43:46.826Z', 'sent'),
	(11, 1, 'subset assault', '2022-09-29T16:53:00.130Z', 'read'),
	(11, 19, 'tomography lumberman', '2022-10-30T05:13:37.659Z', 'sent'),
	(11, 1, 'joey nonsense', '2022-06-24T13:49:22.219Z', 'received'),
	(11, 1, 'molasses dependent', '2022-05-18T14:32:02.119Z', 'sent'),
	(11, 1, 'legal vessel', '2022-04-20T02:44:06.900Z', 'sent'),
	(11, 19, 'wombat wholesaler', '2022-01-17T01:46:50.908Z', 'read'),
	(11, 1, 'excellence developmental', '2022-05-04T14:19:59.956Z', 'read'),
	(13, 5, 'boxer succotash', '2022-07-20T21:04:31.680Z', 'received'),
	(13, 5, 'defense today', '2022-04-25T02:50:56.707Z', 'sent'),
	(13, 5, 'fifth curtain', '2022-11-10T07:34:58.391Z', 'read'),
	(13, 13, 'pursuit oasis', '2022-05-02T18:17:41.261Z', 'read'),
	(13, 13, 'delight city', '2022-01-17T18:43:11.722Z', 'read'),
	(13, 13, 'governor constellation', '2022-06-18T23:35:01.067Z', 'received'),
	(13, 13, 'poison loop', '2022-02-21T07:24:38.841Z', 'received'),
	(13, 5, 'ford inhibition', '2022-10-21T21:21:02.875Z', 'sent'),
	(13, 5, 'union whack', '2022-10-15T08:37:23.285Z', 'read'),
	(14, 5, 'moonlight station-wagon', '2022-06-14T12:07:38.496Z', 'sent'),
	(14, 11, 'escape monger', '2022-09-14T19:26:11.354Z', 'read'),
	(15, 5, 'urge seed', '2022-06-24T05:17:25.122Z', 'received'),
	(15, 5, 'flute childhood', '2022-07-14T07:52:13.883Z', 'sent'),
	(15, 19, 'praise downturn', '2022-07-27T05:33:20.644Z', 'read'),
	(15, 19, 'earthworm public', '2021-12-25T21:52:04.653Z', 'read'),
	(15, 19, 'harpsichord pastor', '2022-11-17T16:11:18.510Z', 'sent'),
	(15, 5, 'stuff modeling', '2022-07-28T06:03:03.855Z', 'read'),
	(15, 5, 'vessel wash', '2022-11-01T03:44:20.440Z', 'received'),
	(15, 19, 'epoch heel', '2022-10-08T10:25:37.338Z', 'received'),
	(16, 5, 'armrest step-grandmother', '2022-08-16T21:10:09.425Z', 'sent'),
	(16, 14, 'master motorcar', '2022-08-27T15:49:14.920Z', 'sent'),
	(16, 5, 'taco toga', '2022-12-13T18:19:16.365Z', 'received'),
	(16, 5, 'tub chairman', '2022-05-11T15:20:27.348Z', 'received'),
	(16, 5, 'metaphor vulture', '2022-12-01T08:02:19.500Z', 'sent'),
	(16, 14, 'learning source', '2022-11-03T03:42:11.504Z', 'sent'),
	(16, 5, 'caravan jam', '2022-05-16T07:04:43.650Z', 'read'),
	(16, 14, 'bathtub fix', '2022-10-08T01:44:49.022Z', 'sent'),
	(17, 14, 'appliance maggot', '2022-12-17T06:16:33.329Z', 'read'),
	(17, 10, 'bath contrary', '2022-11-18T20:01:08.217Z', 'sent'),
	(17, 10, 'tapioca blood', '2022-08-19T04:01:35.053Z', 'sent'),
	(17, 10, 'pray clothing', '2021-12-31T15:02:27.111Z', 'sent'),
	(17, 10, 'fur fifth', '2022-08-14T08:12:38.988Z', 'read'),
	(17, 14, 'embassy rainy', '2022-04-01T04:42:33.987Z', 'read'),
	(17, 14, 'band reamer', '2022-06-03T03:22:19.326Z', 'received'),
	(17, 10, 'treatment massage', '2022-08-16T18:55:49.805Z', 'received'),
	(18, 13, 'forecast netsuke', '2022-01-06T08:58:07.722Z', 'sent'),
	(18, 8, 'doc piano', '2022-07-07T22:42:48.228Z', 'received'),
	(19, 18, 'conifer trombone', '2022-06-12T14:42:43.149Z', 'read'),
	(19, 18, 'mainstream millimeter', '2022-04-29T09:06:25.196Z', 'received'),
	(19, 8, 'bait stripe', '2022-04-17T11:00:42.193Z', 'read'),
	(19, 18, 'babe dispatch', '2022-09-25T12:39:55.370Z', 'sent'),
	(19, 18, 'pickle realm', '2022-03-08T21:10:20.591Z', 'read'),
	(20, 8, 'offense tumbler', '2022-02-04T22:17:54.822Z', 'read'),
	(20, 12, 'freelance assurance', '2022-08-25T11:32:37.424Z', 'sent'),
	(20, 12, 'warmth embarrassment', '2022-03-30T17:21:09.687Z', 'received'),
	(20, 8, 'meringue embarrassment', '2022-05-31T00:18:44.009Z', 'received'),
	(20, 12, 'hutch spider', '2022-08-11T20:53:32.156Z', 'received'),
	(21, 8, 'peer moustache', '2022-08-15T19:22:41.627Z', 'sent'),
	(21, 19, 'attic land', '2022-01-06T03:22:30.677Z', 'received'),
	(22, 2, 'power wildlife', '2022-08-08T09:50:32.095Z', 'received'),
	(22, 2, 'lawmaker sunday', '2021-12-30T12:32:00.390Z', 'received'),
	(22, 13, 'centurion thermals', '2022-02-01T13:50:58.242Z', 'received'),
	(22, 2, 'fig assessment', '2022-05-18T05:42:53.137Z', 'received'),
	(22, 2, 'eyebrows chem', '2022-08-29T00:38:52.347Z', 'sent'),
	(22, 13, 'runner escalator', '2022-05-14T05:05:50.351Z', 'read'),
	(22, 2, 'contributor investigator', '2022-10-26T07:12:09.233Z', 'sent'),
	(22, 13, 'omission calculation', '2022-02-09T03:26:16.717Z', 'sent'),
	(22, 13, 'goggles nurse', '2022-12-05T19:23:56.302Z', 'received'),
	(23, 19, 'male spacing', '2022-01-17T14:51:47.032Z', 'sent'),
	(23, 2, 'sushi cartridge', '2022-06-28T08:01:17.062Z', 'sent'),
	(23, 2, 'fame bore', '2022-07-09T16:22:08.119Z', 'sent'),
	(23, 19, 'digging sparerib', '2022-07-03T03:34:47.203Z', 'sent'),
	(23, 19, 'translation car', '2022-11-05T08:51:34.666Z', 'received'),
	(23, 2, 'redesign earthquake', '2022-11-17T11:09:28.221Z', 'read'),
	(23, 19, 'actress brush', '2021-12-27T19:53:58.741Z', 'sent'),
	(23, 19, 'everyone crocus', '2022-06-20T15:39:33.281Z', 'received'),
	(23, 19, 'future divide', '2022-02-21T15:18:00.319Z', 'read'),
	(24, 2, 'warm-up coffee', '2022-06-19T11:26:12.198Z', 'received'),
	(24, 2, 'main hybridisation', '2022-06-18T00:44:59.249Z', 'read'),
	(24, 19, 'feeding chronometer', '2022-04-22T00:07:41.552Z', 'sent'),
	(24, 2, 'clutch basket', '2022-05-03T15:05:19.350Z', 'sent'),
	(24, 2, 'function spectrograph', '2022-12-09T07:14:36.020Z', 'received'),
	(24, 2, 'flick circulation', '2022-02-23T03:58:20.135Z', 'read'),
	(24, 19, 'terminology arrest', '2022-02-11T22:49:07.396Z', 'read'),
	(24, 19, 'formal excess', '2022-10-31T08:04:25.908Z', 'sent'),
	(25, 17, 'curse steam', '2022-02-10T14:17:48.290Z', 'read'),
	(26, 11, 'rent gall-bladder', '2022-09-18T07:24:52.390Z', 'received'),
	(26, 11, 'trench airplane', '2022-03-17T23:35:22.144Z', 'received'),
	(26, 11, 'joke vitamin', '2022-08-22T15:16:17.398Z', 'sent'),
	(26, 3, 'ignorance township', '2022-05-08T07:27:02.339Z', 'sent'),
	(26, 3, 'violet coverage', '2022-10-11T09:58:32.446Z', 'sent'),
	(26, 3, 'cupola accelerant', '2022-10-25T10:31:01.702Z', 'read'),
	(27, 3, 'woodshed otter', '2022-12-08T13:48:52.900Z', 'received'),
	(27, 14, 'hare preface', '2022-01-02T13:11:01.531Z', 'received'),
	(27, 14, 'hate traditionalism', '2022-03-03T17:12:44.194Z', 'sent'),
	(27, 3, 'desk exploration', '2022-07-05T06:26:32.922Z', 'received'),
	(28, 12, 'codpiece soot', '2022-10-13T00:13:53.654Z', 'received'),
	(28, 3, 'clapboard mood', '2022-04-10T04:22:32.228Z', 'sent'),
	(29, 13, 'pajamas quill', '2022-05-09T20:45:42.597Z', 'sent'),
	(29, 13, 'loft supper', '2022-08-01T22:12:54.059Z', 'sent'),
	(29, 13, 'rod panty', '2022-01-11T01:56:58.227Z', 'read'),
	(29, 13, 'renaissance defendant', '2022-05-06T08:59:03.127Z', 'read'),
	(29, 13, 'chit-chat gallery', '2022-05-22T11:13:12.108Z', 'received'),
	(30, 1, 'hackwork allowance', '2022-06-28T17:27:46.740Z', 'read'),
	(31, 4, 'commitment durian', '2022-09-27T14:05:58.201Z', 'read'),
	(31, 4, 'meat autoimmunity', '2022-03-26T23:51:46.629Z', 'read'),
	(32, 4, 'ex-husband stimulation', '2022-11-27T05:42:36.340Z', 'received'),
	(32, 4, 'poet opponent', '2022-10-27T11:18:04.734Z', 'sent'),
	(32, 4, 'bitten corduroy', '2022-06-08T12:58:25.362Z', 'sent'),
	(32, 17, 'workplace idiot', '2022-09-03T04:58:04.226Z', 'received'),
	(32, 4, 'shofar porpoise', '2022-12-21T14:46:17.951Z', 'received'),
	(32, 17, 'plum passion', '2022-03-08T07:02:06.028Z', 'sent'),
	(32, 4, 'recorder expertise', '2022-09-01T05:20:01.429Z', 'received'),
	(32, 17, 'scheduling rumor', '2022-07-25T17:28:24.351Z', 'received'),
	(32, 4, 'value eyeball', '2022-09-20T08:55:32.681Z', 'sent'),
	(33, 2, 'breath robotics', '2022-04-12T09:49:34.942Z', 'received'),
	(33, 2, 'spool banana', '2022-02-08T17:26:58.473Z', 'sent'),
	(33, 12, 'bricklaying scratch', '2022-10-03T18:39:18.327Z', 'received'),
	(33, 2, 'networking thunderstorm', '2022-11-05T16:57:32.060Z', 'sent'),
	(33, 2, 'crawdad review', '2022-09-04T00:51:49.612Z', 'sent'),
	(33, 12, 'doubling pamphlet', '2022-05-21T09:39:50.355Z', 'sent'),
	(33, 2, 'bunch corsage', '2022-10-07T19:59:21.695Z', 'received'),
	(33, 2, 'independent passenger', '2022-08-29T11:44:55.583Z', 'received'),
	(33, 12, 'blood disregard', '2022-04-07T18:43:44.897Z', 'received'),
	(35, 9, 'height safeguard', '2022-07-26T00:38:02.844Z', 'received'),
	(35, 16, 'attraction gauge', '2022-11-10T09:58:06.293Z', 'sent'),
	(35, 9, 'everyone vaccine', '2022-08-16T16:20:07.810Z', 'sent'),
	(36, 5, 'compassion secrecy', '2022-04-06T03:26:07.846Z', 'received'),
	(36, 16, 'observatory embossing', '2022-08-06T10:52:56.715Z', 'read');
