INSERT INTO personal_data (first_name, last_name, birthday, phone_number) VALUES 
	('Tillman', 'Mayer', '1956-11-14T11:30:28.890Z', '836.575.6166 x985'),
	('Melyna', 'Jast', '1951-04-17T09:43:44.229Z', '858-569-5715 x455'),
	('London', 'Mertz', '1949-03-16T14:15:57.224Z', '507-225-1392 x615'),
	('Haven', 'Gleichner', '1947-10-11T23:25:59.508Z', '(781) 642-3975 x49274'),
	('Leland', 'Dickinson', '1998-01-06T13:28:17.089Z', '1-306-208-5253 x16188'),
	('Kristian', 'Frami', '1984-11-12T21:12:21.136Z', '1-217-289-3247'),
	('Hannah', 'Waters', '1980-01-16T01:41:33.456Z', '697-721-0265 x47537'),
	('Antonetta', 'Abbott', '2003-03-24T10:11:11.398Z', '1-985-987-9086'),
	('Demario', 'Cummings', '1981-01-22T00:34:25.002Z', '673.832.5140 x98413'),
	('Norris', 'Treutel', '1998-11-04T02:36:19.436Z', '902.505.2934 x977'),
	('Geo', 'Aufderhar', '1949-09-25T15:01:14.884Z', '(531) 400-4807 x87848'),
	('Kyle', 'Green', '1986-10-02T04:11:53.791Z', '547-700-5153 x49352'),
	('Jamel', 'Mraz', '1976-08-30T00:17:20.199Z', '1-707-552-7408'),
	('Green', 'Farrell', '1962-12-26T01:17:15.640Z', '(250) 537-5043 x31492'),
	('Hassie', 'Zemlak', '1952-01-04T11:21:52.013Z', '328.977.8805'),
	('Jermey', 'Wyman', '1979-05-19T05:11:48.438Z', '(757) 790-7828 x656'),
	('Hillary', 'Batz', '1997-06-10T12:43:35.179Z', '343-860-1605 x961'),
	('Amira', 'Prohaska', '1960-05-27T10:10:16.385Z', '(583) 307-3547'),
	('Gavin', 'Turcotte', '1995-09-17T03:02:51.619Z', '(376) 713-7641 x595'),
	('Maritza', 'Howell', '1975-07-12T20:19:53.667Z', '1-798-243-9416 x0117');
INSERT INTO cars (number, brand, model, manufacture_year) VALUES 
	('MJ14FJY', 'Land Rover', 'Model Y', 2006),
	('YA70BRM', 'Jeep', 'A4', 2016),
	('SL97GSI', 'Land Rover', 'Model Y', 2017),
	('PI10KRN', 'Ford', 'Model X', 2002),
	('VU25ZRF', 'Porsche', 'XC90', 2003),
	('SS64HYF', 'Jaguar', 'Altima', 2000),
	('LW94OBY', 'Toyota', 'Model X', 2014),
	('BD31ERC', 'Ford', 'Fiesta', 2011),
	('WV83JFY', 'Hyundai', 'Volt', 2006),
	('LW39EBF', 'Chevrolet', 'Mercielago', 2007);
INSERT INTO couriers (personal_data_id, car_id, driver_license_number) VALUES 
	(1, 1, '79X5T9V71CYR19396'),
	(2, 2, 'A0YHUBWSAEPJ23476'),
	(3, 3, 'RCJAVNHYV8NL38240'),
	(4, 4, 'B3JC5S4ME5W838145'),
	(5, 5, 'ALWDZ3LX0MH745081'),
	(6, 6, 'NC229KUSGECT58322'),
	(7, 7, 'C7Z66PMFU1U013127'),
	(8, 8, 'DP17MVLX3BE120335'),
	(9, 9, 'D0SW5K8U43PV63215'),
	(10, 10, 'CX01H0KUE6YV45100');
INSERT INTO senders (personal_data_id) VALUES 
	(11),
	(12),
	(13),
	(14),
	(15),
	(16),
	(17),
	(18),
	(19),
	(20);
INSERT INTO items (name, description, length, width, height, weight, min_age) VALUES 
	('Towels', 'Boston‘s most advanced compression wear technology increases muscle oxygenation, stabilizes active muscles', 1.1565933714047985, 2.954177110251436, 1.7505970165747942, 2.5675187219288107, 17),
	('Pizza', 'New range of formal shirts are designed keeping you in mind. With fits and styling that will make you stand apart', 0.4763336641783258, 0.9842029790825135, 1.4321047087581602, 1.9127245698236108, 20),
	('Shoes', 'The Apollotech B340 is an affordable wireless mouse with reliable connectivity, 12 months battery life and modern design', 2.749992580102095, 1.6757021139246226, 0.04436030557863391, 1.1134667948815284, 14),
	('Salad', 'Boston‘s most advanced compression wear technology increases muscle oxygenation, stabilizes active muscles', 0.346680531991328, 2.9739395313942802, 2.284481812225914, 2.0001864138976133, 13),
	('Fish', 'The Football Is Good For Training And Recreational Purposes', 0.21582828004910737, 2.713501030951556, 2.9907392414586322, 2.4618279188922028, 16),
	('Chicken', 'Ergonomic executive chair upholstered in bonded black leather and PVC padded seat and back for all-day comfort and support', 1.9478034039910037, 1.112034780585487, 2.1907479494874, 0.9950232594148851, 15),
	('Fish', 'Ergonomic executive chair upholstered in bonded black leather and PVC padded seat and back for all-day comfort and support', 1.4827524639228893, 1.1555261575337097, 1.900931504792915, 0.9269677023976339, 12),
	('Pants', 'Andy shoes are designed to keeping in mind durability as well as trends, the most stylish range of shoes & sandals', 2.123313874939271, 1.2715490285337627, 0.9247643677701587, 1.2497646633558268, 18),
	('Pants', 'The automobile layout consists of a front-engine design, with transaxle-type transmissions mounted at the rear of the engine and four wheel drive', 2.3133941993416007, 0.5527919274034605, 0.47802821156386965, 1.4496486731803344, 14),
	('Gloves', 'Boston‘s most advanced compression wear technology increases muscle oxygenation, stabilizes active muscles', 0.3687025859443167, 0.6178723839896807, 0.475144033228164, 2.6346033768120067, 19),
	('Chicken', 'Ergonomic executive chair upholstered in bonded black leather and PVC padded seat and back for all-day comfort and support', 2.042544907332479, 1.2997069505349856, 0.01072767419811127, 2.8076174322826883, 20),
	('Cheese', 'The Nagasaki Lander is the trademarked name of several series of Nagasaki sport bikes, that started with the 1984 ABC800J', 2.962490153963147, 1.7823828447341263, 1.5249838479241917, 0.14417448796847476, 19),
	('Chips', 'New ABC 13 9370, 13.3, 5th Gen CoreA5-8250U, 8GB RAM, 256GB SSD, power UHD Graphics, OS 10 Home, OS Office A & J 2016', 1.0377705854454915, 2.518406949646396, 1.0724068292165134, 0.9770432238945279, 13),
	('Tuna', 'The Nagasaki Lander is the trademarked name of several series of Nagasaki sport bikes, that started with the 1984 ABC800J', 0.706944203510534, 2.4569255504802383, 2.800770167751618, 2.8817152233068883, 21),
	('Keyboard', 'The automobile layout consists of a front-engine design, with transaxle-type transmissions mounted at the rear of the engine and four wheel drive', 0.031599675534947025, 0.43043188591217385, 1.813228989992179, 0.6152671126214424, 16),
	('Cheese', 'Carbonite web goalkeeper gloves are ergonomically designed to give easy fit', 0.9175089876271827, 1.637586477404341, 1.6175981685426966, 2.7691937433150473, 14),
	('Ball', 'The slim & simple Maple Gaming Keyboard from Dev Byte comes with a sleek body and 7- Color RGB LED Back-lighting for smart functionality', 0.21150960058453205, 1.1046073541721848, 0.8899995196654944, 0.16002098111184826, 18),
	('Keyboard', 'The slim & simple Maple Gaming Keyboard from Dev Byte comes with a sleek body and 7- Color RGB LED Back-lighting for smart functionality', 2.193629650349413, 0.23221494654270392, 0.714415161063017, 1.1298506175784735, 15),
	('Tuna', 'Ergonomic executive chair upholstered in bonded black leather and PVC padded seat and back for all-day comfort and support', 1.4850991908526219, 1.359653688814842, 0.21542791026040242, 1.131031403652731, 12),
	('Pizza', 'The beautiful range of Apple Naturalé that has an exciting mix of natural ingredients. With the Goodness of 100% Natural Ingredients', 2.147354664672185, 2.2029501389071893, 2.946326124949253, 0.21810626524489418, 17),
	('Pants', 'The slim & simple Maple Gaming Keyboard from Dev Byte comes with a sleek body and 7- Color RGB LED Back-lighting for smart functionality', 1.4040637766665665, 2.3535058118771284, 2.9538875563330116, 1.0370358555580403, 16),
	('Tuna', 'Andy shoes are designed to keeping in mind durability as well as trends, the most stylish range of shoes & sandals', 0.8655901505473997, 0.6311427593875412, 2.3552193785809488, 2.1311728781876296, 17),
	('Shirt', 'The Nagasaki Lander is the trademarked name of several series of Nagasaki sport bikes, that started with the 1984 ABC800J', 1.4605963311380654, 1.7781856562184608, 0.7726513151171457, 0.9894517095380364, 13),
	('Shoes', 'The Football Is Good For Training And Recreational Purposes', 0.6178018806250596, 1.4432288715570827, 2.070087461692904, 1.463419054799154, 16),
	('Pants', 'The beautiful range of Apple Naturalé that has an exciting mix of natural ingredients. With the Goodness of 100% Natural Ingredients', 2.3342888733635414, 0.43865154167530074, 1.433828685460866, 1.5197149048610226, 13),
	('Chicken', 'Andy shoes are designed to keeping in mind durability as well as trends, the most stylish range of shoes & sandals', 1.8833445313591053, 2.649204750824827, 2.3217038578193714, 0.08151738761690663, 19),
	('Tuna', 'The Football Is Good For Training And Recreational Purposes', 1.4085734205101856, 0.7664185260512859, 0.642344734887718, 1.714379989529086, 16),
	('Shoes', 'Andy shoes are designed to keeping in mind durability as well as trends, the most stylish range of shoes & sandals', 0.48486250829479816, 2.920308974277003, 0.028400237676922346, 2.770189794577348, 21),
	('Chair', 'Boston‘s most advanced compression wear technology increases muscle oxygenation, stabilizes active muscles', 2.5098644927114373, 2.4605562519991624, 0.767276385752165, 0.30689497302971613, 12),
	('Cheese', 'Andy shoes are designed to keeping in mind durability as well as trends, the most stylish range of shoes & sandals', 0.21071866798039496, 0.05995024209810995, 2.6983870081333876, 2.8280622019213197, 13),
	('Salad', 'New ABC 13 9370, 13.3, 5th Gen CoreA5-8250U, 8GB RAM, 256GB SSD, power UHD Graphics, OS 10 Home, OS Office A & J 2016', 2.378032967625183, 1.5033682527395578, 1.3017404606016323, 1.0682096618390244, 17),
	('Computer', 'Carbonite web goalkeeper gloves are ergonomically designed to give easy fit', 1.2686804485740193, 0.007696147236383677, 0.6090554135056963, 1.9266416754897715, 15),
	('Mouse', 'Ergonomic executive chair upholstered in bonded black leather and PVC padded seat and back for all-day comfort and support', 0.8859288844670505, 0.3949510534231515, 1.6603413478237565, 2.0580503989693604, 19),
	('Car', 'Boston‘s most advanced compression wear technology increases muscle oxygenation, stabilizes active muscles', 0.17876330008718022, 1.5013261806814533, 2.2388685424592656, 0.48231163744881744, 21),
	('Gloves', 'Carbonite web goalkeeper gloves are ergonomically designed to give easy fit', 0.479892937977459, 2.2772523203705806, 1.1619120373256555, 0.5747815004638404, 19),
	('Towels', 'The Apollotech B340 is an affordable wireless mouse with reliable connectivity, 12 months battery life and modern design', 2.0903557164617617, 2.8731565456797985, 1.4808555446527487, 2.6811505924823167, 20),
	('Pants', 'New ABC 13 9370, 13.3, 5th Gen CoreA5-8250U, 8GB RAM, 256GB SSD, power UHD Graphics, OS 10 Home, OS Office A & J 2016', 1.4459196292818326, 0.19292346701744267, 0.039273110146906154, 1.49372056361593, 19),
	('Shirt', 'The slim & simple Maple Gaming Keyboard from Dev Byte comes with a sleek body and 7- Color RGB LED Back-lighting for smart functionality', 0.7737953168309875, 2.752876308089867, 2.8708936070342013, 0.9371077966348131, 14),
	('Mouse', 'New range of formal shirts are designed keeping you in mind. With fits and styling that will make you stand apart', 1.861027803227988, 2.2644440213664465, 0.6341473151567101, 0.9207092733845081, 15),
	('Pizza', 'The Apollotech B340 is an affordable wireless mouse with reliable connectivity, 12 months battery life and modern design', 1.9981686535420058, 2.704694571172145, 2.629143359253989, 1.4036705884890899, 19),
	('Chair', 'The Football Is Good For Training And Recreational Purposes', 1.2490144964602825, 2.6698605695251905, 2.3134168258680994, 1.4088086018600703, 14),
	('Fish', 'The beautiful range of Apple Naturalé that has an exciting mix of natural ingredients. With the Goodness of 100% Natural Ingredients', 1.9227736866994576, 2.9240607302225996, 0.1695947627499943, 0.37157246137575606, 16),
	('Hat', 'New ABC 13 9370, 13.3, 5th Gen CoreA5-8250U, 8GB RAM, 256GB SSD, power UHD Graphics, OS 10 Home, OS Office A & J 2016', 0.1432633886210457, 1.1341202361316594, 2.4393316761197896, 1.8160994640829964, 17),
	('Pizza', 'New ABC 13 9370, 13.3, 5th Gen CoreA5-8250U, 8GB RAM, 256GB SSD, power UHD Graphics, OS 10 Home, OS Office A & J 2016', 1.2088588885364207, 0.002491917902756935, 2.310622084292844, 1.5645708748096607, 16),
	('Tuna', 'Boston‘s most advanced compression wear technology increases muscle oxygenation, stabilizes active muscles', 1.835247308232234, 2.8840231056678727, 2.4028968767548693, 1.1126723520835078, 16),
	('Car', 'New ABC 13 9370, 13.3, 5th Gen CoreA5-8250U, 8GB RAM, 256GB SSD, power UHD Graphics, OS 10 Home, OS Office A & J 2016', 2.150524577155964, 2.453036071362795, 1.0864857059011297, 1.5589209919123839, 14),
	('Shoes', 'New range of formal shirts are designed keeping you in mind. With fits and styling that will make you stand apart', 2.7721693471209257, 0.6076132873679896, 0.8779122537088968, 1.7804710625626474, 14),
	('Pizza', 'Boston‘s most advanced compression wear technology increases muscle oxygenation, stabilizes active muscles', 2.1747806309326396, 2.465556313888186, 0.20641045983773454, 2.2518857770811413, 18),
	('Tuna', 'The automobile layout consists of a front-engine design, with transaxle-type transmissions mounted at the rear of the engine and four wheel drive', 0.8696212063299436, 0.20383892708737972, 0.5605285603361283, 0.5061343016606181, 17),
	('Pizza', 'The Nagasaki Lander is the trademarked name of several series of Nagasaki sport bikes, that started with the 1984 ABC800J', 0.9252886284384569, 1.6992740127181822, 2.3380809171666197, 2.3950930613464747, 12);
INSERT INTO points (longitude, latitude, address) VALUES 
	(-32.8539, -40.6585, '60500 Madonna Corners'),
	(-68.6397, -66.4404, '2026 Bayer Pass'),
	(158.4634, -15.8324, '714 Miller Oval'),
	(22.8184, 41.92, '0980 Abagail Underpass'),
	(81.9964, 15.9144, '05146 Garrick Trace'),
	(85.3705, -54.4583, '29953 Nelle Ways'),
	(164.6407, 65.287, '38320 Reynolds Spring'),
	(-2.0985, -6.5623, '9526 Kasandra Green'),
	(-96.8102, -23.1522, '744 Kacey Parkway'),
	(117.4952, 69.1498, '274 Farrell Squares'),
	(-83.6796, 35.1421, '23395 Angelica Bridge'),
	(174.787, -58.3469, '65364 Wolff Villages'),
	(-31.0289, -23.4852, '18453 Ora Lakes'),
	(-63.537, 31.3996, '32277 Fisher Ford'),
	(-82.6705, 73.1846, '150 Hickle Track'),
	(164.173, -42.1878, '77296 Pfeffer Canyon'),
	(-99.0769, -26.9243, '7844 Roberts Key'),
	(-167.049, -59.6969, '531 Lowe Lights'),
	(70.3182, -86.9231, '89838 Sammy Shore'),
	(123.5572, 7.8825, '22484 Schmeler Spurs'),
	(-106.642, 49.5792, '43501 Stark Mission'),
	(-25.3842, 60.1101, '3761 Arnoldo Landing'),
	(-46.6786, -48.8854, '4097 Schuster Wall'),
	(-55.7792, -35.8408, '9880 Lehner Village'),
	(-89.4121, -73.5772, '221 Jada Road'),
	(82.7113, 56.1159, '643 Patricia Vista'),
	(43.0043, 53.0462, '6724 Jayda Ridge'),
	(90.6807, -30.105, '832 Viva Fords'),
	(45.8836, -9.8634, '580 Blanche Alley'),
	(-19.2915, 67.0482, '5166 Lebsack Trafficway'),
	(68.1714, -47.3008, '257 Lea Terrace'),
	(-67.2236, -80.3197, '79560 Marcos Expressway'),
	(-109.6324, -89.2543, '68720 Denesik Curve'),
	(86.5412, 22.6001, '58909 Lynch Fords'),
	(101.2647, -80.5332, '57919 Friesen Underpass'),
	(58.6094, -2.6605, '9541 Hyatt Junction'),
	(124.7209, 64.3492, '7759 Amari Hills'),
	(57.2928, 70.4821, '686 Rod Ford'),
	(-141.3382, -17.7165, '05777 Koelpin Mount'),
	(-121.4629, 59.2917, '335 Mayer Junction'),
	(84.7853, -61.9244, '748 Alene Villages'),
	(129.5181, -72.7857, '20303 Von Tunnel'),
	(-142.9627, -78.2291, '868 Saul Skyway'),
	(-85.9079, 38.7492, '593 Manuela Forge'),
	(174.0305, 18.0697, '269 Isidro Walks'),
	(-141.6705, -9.7728, '0308 Donald Point'),
	(95.8189, 64.3457, '179 Conrad Causeway'),
	(-145.4102, 66.5623, '1580 Deshaun Stravenue'),
	(-48.3234, -10.1675, '0074 Lind Tunnel'),
	(-54.2582, 56.1798, '1549 Connelly Mall');
INSERT INTO waybills (courier_id) VALUES 
	(9),
	(8),
	(6),
	(3),
	(5),
	(6),
	(7),
	(6),
	(6),
	(7),
	(10),
	(2),
	(8),
	(1),
	(9),
	(8),
	(7),
	(10);
INSERT INTO orders (sender_id, source_point_id, delivery_point_id, return_point_id, recipient_name, recipient_phone, waybill_id, status) VALUES 
	(6, 26, 29, 32, 'Shelia Walker DDS', '458-472-8104', 1, 'finished'),
	(7, 20, 39, 43, 'Orville Green', '1-843-869-0452 x110', 1, 'finished'),
	(3, 12, 16, 34, 'Kristine Torphy', '363.493.8905 x10563', 1, 'finished'),
	(5, 34, 41, 47, 'Greg Sawayn', '(605) 440-3432 x757', 1, 'finished'),
	(2, 4, 16, 43, 'Susan Jaskolski', '226.961.2010 x870', 2, 'courier_found'),
	(2, 8, 25, 38, 'Maurice Turner', '286-842-9145 x832', 2, 'courier_found'),
	(10, 12, 19, 37, 'Elizabeth Simonis', '1-214-670-3838 x46829', 3, 'courier_found'),
	(6, 9, 17, 33, 'Earnest Bayer', '1-740-304-8874 x85772', 3, 'courier_found'),
	(8, 10, 28, 41, 'Greg Lubowitz', '669.570.6833 x818', 3, 'courier_found'),
	(10, 12, 30, 41, 'Angela Grant', '(964) 658-5913', 4, 'courier_found'),
	(5, 15, 34, 43, 'Sophie Schinner', '699-997-6811 x717', 5, 'courier_found'),
	(10, 2, 35, 47, 'Mona Langosh', '1-896-731-6478 x560', 5, 'courier_found'),
	(2, 41, 45, 49, 'Flora Schowalter PhD', '487-218-1941 x722', 5, 'courier_found'),
	(6, 9, 12, 32, 'Ronald Wehner', '408.390.8945', 5, 'courier_found'),
	(8, 23, 26, 28, 'Lori Bernhard', '1-928-489-8729 x9734', 6, 'finished'),
	(3, 16, 30, 34, 'Kim Frami', '1-824-452-0324 x1728', 7, 'courier_found'),
	(4, 4, 9, 36, 'Vicki VonRueden', '(278) 701-0561 x151', 7, 'courier_found'),
	(3, 20, 34, 41, 'Ella Cronin', '958.952.9635 x145', 7, 'courier_found'),
	(7, 21, 24, 27, 'Stephen Murray', '(800) 254-2856 x29857', 8, 'courier_found'),
	(9, 12, 27, 34, 'Tomas Cassin PhD', '1-944-701-1754', 9, 'failed'),
	(8, 3, 39, 50, 'Shari Walsh', '(896) 389-2701 x7532', 10, 'finished'),
	(2, 10, 28, 48, 'Inez Ratke', '767-854-8735 x022', 10, 'finished'),
	(2, 23, 39, 41, 'Caleb Vandervort', '507.679.5049 x68372', 11, 'finished'),
	(2, 4, 10, 12, 'Percy Kub', '813.676.7492 x2701', 11, 'finished'),
	(1, 6, 29, 48, 'Angelica Gleason IV', '(660) 675-2140', 11, 'finished'),
	(4, 1, 5, 47, 'Ralph Kerluke', '781-826-6132 x126', 11, 'finished'),
	(4, 14, 18, 30, 'Mr. Bryant Kihn', '1-807-766-8234 x96422', 12, 'returned'),
	(5, 3, 6, 14, 'Barry Purdy', '(265) 421-3474 x462', 13, 'finished'),
	(3, 2, 21, 34, 'Karla Cormier', '(279) 390-3703 x47587', 13, 'finished'),
	(3, 1, 37, 42, 'Saul Mitchell', '1-298-863-7461', 13, 'finished'),
	(9, 18, 29, 32, 'Bradford Dare V', '(577) 469-7171 x6585', 14, 'finished'),
	(9, 20, 39, 45, 'Renee Wilkinson', '(304) 406-6485', 14, 'finished'),
	(3, 9, 29, 48, 'Rosemarie Lueilwitz', '921.717.9444', 14, 'finished'),
	(9, 5, 19, 20, 'Marjorie Pollich', '(531) 333-8861 x4961', 15, 'finished'),
	(3, 6, 31, 49, 'June Crona', '248.579.9805 x996', 15, 'finished'),
	(1, 23, 25, 35, 'Kevin Lockman', '516.213.0818 x0651', 15, 'finished'),
	(9, 10, 32, 49, 'Angelica Homenick I', '1-992-399-6975 x1314', 15, 'finished'),
	(7, 1, 21, 40, 'Elaine Connelly I', '504.752.7845 x126', 16, 'finished'),
	(3, 4, 28, 48, 'Amy Kshlerin', '1-654-212-9341 x63171', 16, 'finished'),
	(8, 18, 33, 36, 'Lyle Schmeler', '1-937-828-3458 x192', 16, 'finished'),
	(9, 18, 20, 29, 'Ms. Pearl Lueilwitz', '711.259.6205 x423', 16, 'finished'),
	(4, 28, 29, 46, 'Tony Murphy DVM', '1-926-382-5198 x80473', 17, 'courier_found'),
	(10, 16, 29, 45, 'Thelma Von DDS', '(538) 454-2373 x27203', 17, 'courier_found'),
	(10, 5, 34, 42, 'Craig Hackett', '(762) 754-9781 x6399', 17, 'courier_found'),
	(8, 3, 40, 48, 'Amanda Simonis MD', '1-584-544-9871 x451', 17, 'courier_found'),
	(6, 12, 14, 40, 'Sam Hagenes', '1-226-743-9332', 18, 'finished'),
	(1, 1, 6, 29, 'Melanie McGlynn DDS', '(298) 918-1501', NULL, 'failed'),
	(3, 5, 6, 9, 'Mandy McLaughlin', '1-983-895-7169 x93113', NULL, 'failed'),
	(4, 5, 9, 33, 'Johnathan Mayer', '(952) 680-8667 x25592', NULL, 'cancelled'),
	(6, 27, 31, 33, 'Charlie Cummings', '1-754-689-5861 x77989', NULL, 'new');
INSERT INTO order_items (item_id, order_id, number) VALUES 
	(41, 1, 1),
	(9, 2, 4),
	(12, 2, 2),
	(14, 2, 1),
	(20, 2, 3),
	(23, 2, 1),
	(38, 2, 1),
	(39, 2, 2),
	(2, 4, 1),
	(14, 4, 3),
	(22, 4, 3),
	(23, 4, 3),
	(32, 4, 3),
	(35, 4, 1),
	(42, 4, 3),
	(45, 4, 2),
	(50, 4, 1),
	(50, 5, 2),
	(1, 6, 1),
	(5, 6, 2),
	(8, 6, 1),
	(10, 6, 3),
	(13, 6, 3),
	(15, 6, 2),
	(21, 6, 1),
	(24, 6, 1),
	(25, 6, 1),
	(28, 6, 2),
	(29, 6, 1),
	(33, 6, 2),
	(44, 6, 1),
	(46, 6, 1),
	(48, 6, 4),
	(50, 6, 4),
	(10, 7, 1),
	(20, 7, 2),
	(27, 7, 1),
	(31, 7, 3),
	(36, 7, 4),
	(43, 7, 4),
	(1, 8, 3),
	(4, 8, 3),
	(5, 8, 1),
	(17, 8, 3),
	(28, 8, 3),
	(34, 8, 4),
	(38, 8, 4),
	(41, 8, 3),
	(45, 8, 3),
	(48, 8, 1),
	(49, 8, 2),
	(5, 9, 2),
	(11, 9, 3),
	(14, 9, 1),
	(23, 9, 3),
	(24, 9, 2),
	(25, 9, 4),
	(26, 9, 4),
	(29, 9, 3),
	(32, 9, 3),
	(33, 9, 4),
	(35, 9, 3),
	(36, 9, 1),
	(39, 9, 4),
	(40, 9, 4),
	(42, 9, 1),
	(43, 9, 3),
	(49, 9, 4),
	(5, 10, 3),
	(6, 10, 4),
	(10, 10, 2),
	(11, 10, 2),
	(15, 10, 4),
	(17, 10, 2),
	(23, 10, 3),
	(24, 10, 2),
	(25, 10, 3),
	(28, 10, 2),
	(31, 10, 1),
	(33, 10, 4),
	(36, 10, 4),
	(43, 10, 2),
	(47, 10, 1),
	(49, 10, 1),
	(19, 12, 3),
	(25, 12, 3),
	(41, 12, 2),
	(1, 13, 2),
	(11, 13, 2),
	(20, 13, 2),
	(29, 13, 1),
	(36, 13, 1),
	(38, 13, 1),
	(39, 13, 4),
	(46, 13, 3),
	(48, 13, 3),
	(23, 14, 2),
	(25, 14, 4),
	(31, 14, 2),
	(32, 14, 3),
	(42, 14, 1),
	(3, 15, 2),
	(4, 15, 3),
	(6, 15, 4),
	(8, 15, 1),
	(9, 15, 2),
	(11, 15, 1),
	(13, 15, 4),
	(15, 15, 3),
	(18, 15, 1),
	(22, 15, 1),
	(25, 15, 2),
	(26, 15, 4),
	(27, 15, 2),
	(42, 15, 2),
	(43, 15, 1),
	(45, 15, 1),
	(49, 15, 2),
	(9, 16, 4),
	(13, 16, 1),
	(20, 16, 3),
	(31, 16, 1),
	(49, 16, 2),
	(3, 17, 4),
	(22, 17, 4),
	(24, 17, 1),
	(28, 17, 4),
	(30, 17, 3),
	(32, 17, 1),
	(42, 17, 1),
	(43, 17, 3),
	(45, 17, 1),
	(47, 17, 2),
	(4, 18, 3),
	(5, 18, 1),
	(9, 18, 3),
	(21, 18, 2),
	(24, 18, 3),
	(28, 18, 2),
	(29, 18, 2),
	(31, 18, 4),
	(36, 18, 1),
	(39, 18, 1),
	(46, 18, 2),
	(48, 18, 4),
	(49, 18, 4),
	(8, 19, 1),
	(14, 19, 2),
	(30, 19, 1),
	(44, 19, 1),
	(3, 20, 3),
	(4, 20, 4),
	(7, 20, 1),
	(9, 20, 3),
	(14, 20, 2),
	(16, 20, 4),
	(21, 20, 1),
	(22, 20, 4),
	(28, 20, 4),
	(32, 20, 2),
	(33, 20, 1),
	(36, 20, 4),
	(37, 20, 3),
	(39, 20, 1),
	(42, 20, 2),
	(47, 20, 3),
	(48, 20, 4),
	(49, 20, 1),
	(7, 21, 4),
	(11, 21, 1),
	(12, 21, 1),
	(18, 21, 2),
	(35, 21, 3),
	(47, 21, 1),
	(44, 22, 4),
	(8, 23, 2),
	(23, 23, 4),
	(4, 25, 4),
	(5, 25, 4),
	(7, 25, 4),
	(18, 25, 2),
	(38, 25, 4),
	(43, 25, 2),
	(46, 25, 4),
	(3, 26, 2),
	(19, 26, 4),
	(26, 26, 1),
	(44, 26, 4),
	(4, 27, 4),
	(8, 27, 2),
	(9, 27, 2),
	(19, 27, 4),
	(22, 27, 4),
	(23, 27, 4),
	(24, 27, 2),
	(25, 27, 2),
	(27, 27, 3),
	(29, 27, 4),
	(32, 27, 4),
	(34, 27, 2),
	(36, 27, 2),
	(39, 27, 1),
	(41, 27, 1),
	(46, 27, 3),
	(47, 27, 4),
	(49, 27, 3),
	(50, 27, 1),
	(3, 28, 3),
	(9, 28, 2),
	(10, 28, 4),
	(13, 28, 4),
	(21, 28, 2),
	(30, 28, 2),
	(34, 28, 3),
	(38, 28, 2),
	(41, 28, 2),
	(44, 28, 2),
	(47, 28, 3),
	(1, 29, 4),
	(2, 29, 3),
	(3, 29, 4),
	(7, 29, 2),
	(8, 29, 1),
	(10, 29, 1),
	(15, 29, 4),
	(16, 29, 4),
	(19, 29, 1),
	(20, 29, 2),
	(26, 29, 4),
	(29, 29, 2),
	(36, 29, 1),
	(44, 29, 4),
	(2, 30, 1),
	(8, 30, 2),
	(11, 30, 4),
	(14, 30, 4),
	(17, 30, 4),
	(18, 30, 1),
	(19, 30, 3),
	(25, 30, 1),
	(27, 30, 1),
	(28, 30, 3),
	(29, 30, 3),
	(31, 30, 3),
	(39, 30, 2),
	(41, 30, 1),
	(43, 30, 4),
	(45, 30, 2),
	(47, 30, 2),
	(48, 30, 2),
	(49, 30, 4),
	(3, 31, 3),
	(6, 31, 1),
	(1, 32, 1),
	(10, 32, 3),
	(11, 32, 4),
	(15, 32, 4),
	(18, 32, 1),
	(27, 32, 4),
	(28, 32, 4),
	(29, 32, 2),
	(36, 32, 1),
	(37, 32, 4),
	(39, 32, 3),
	(41, 32, 1),
	(45, 32, 3),
	(49, 32, 1),
	(2, 33, 4),
	(3, 33, 4),
	(4, 33, 3),
	(7, 33, 1),
	(8, 33, 3),
	(11, 33, 4),
	(12, 33, 2),
	(21, 33, 3),
	(28, 33, 2),
	(29, 33, 2),
	(33, 33, 2),
	(36, 33, 2),
	(42, 33, 4),
	(43, 33, 1),
	(45, 33, 2),
	(1, 34, 4),
	(3, 34, 4),
	(5, 34, 3),
	(18, 34, 1),
	(19, 34, 2),
	(22, 34, 2),
	(24, 34, 1),
	(25, 34, 4),
	(35, 34, 4),
	(38, 34, 3),
	(39, 34, 4),
	(49, 34, 3),
	(7, 35, 1),
	(8, 35, 2),
	(9, 35, 4),
	(13, 35, 4),
	(16, 35, 1),
	(19, 35, 1),
	(21, 35, 3),
	(22, 35, 3),
	(28, 35, 3),
	(40, 35, 3),
	(42, 35, 2),
	(44, 35, 4),
	(3, 36, 2),
	(4, 36, 4),
	(12, 36, 4),
	(13, 36, 2),
	(18, 36, 1),
	(24, 36, 4),
	(28, 36, 1),
	(31, 36, 3),
	(43, 36, 4),
	(48, 36, 2),
	(3, 37, 1),
	(4, 37, 4),
	(6, 37, 1),
	(8, 37, 4),
	(20, 37, 1),
	(23, 37, 4),
	(26, 37, 3),
	(38, 37, 4),
	(6, 38, 3),
	(7, 38, 1),
	(9, 38, 4),
	(11, 38, 2),
	(13, 38, 1),
	(14, 38, 1),
	(20, 38, 2),
	(28, 38, 1),
	(29, 38, 4),
	(30, 38, 3),
	(39, 38, 2),
	(41, 38, 1),
	(42, 38, 3),
	(44, 38, 1),
	(49, 38, 3),
	(50, 38, 2),
	(12, 39, 3),
	(20, 39, 2),
	(39, 39, 1),
	(46, 39, 4),
	(1, 40, 2),
	(4, 40, 3),
	(8, 40, 4),
	(9, 40, 4),
	(10, 40, 2),
	(16, 40, 2),
	(18, 40, 4),
	(21, 40, 4),
	(29, 40, 4),
	(30, 40, 3),
	(31, 40, 1),
	(32, 40, 3),
	(35, 40, 3),
	(41, 40, 4),
	(5, 41, 4),
	(9, 41, 4),
	(10, 41, 1),
	(11, 41, 3),
	(15, 41, 4),
	(20, 41, 2),
	(24, 41, 3),
	(35, 41, 2),
	(43, 41, 1),
	(44, 41, 3),
	(46, 41, 4),
	(23, 42, 2),
	(27, 42, 4),
	(32, 42, 2),
	(2, 43, 2),
	(4, 43, 4),
	(5, 43, 3),
	(9, 43, 2),
	(14, 43, 4),
	(17, 43, 3),
	(19, 43, 2),
	(21, 43, 3),
	(22, 43, 2),
	(24, 43, 4),
	(26, 43, 3),
	(27, 43, 3),
	(30, 43, 1),
	(36, 43, 2),
	(40, 43, 3),
	(42, 43, 1),
	(46, 43, 2),
	(48, 43, 3),
	(49, 43, 2),
	(1, 44, 3),
	(6, 44, 4),
	(8, 44, 2),
	(9, 44, 2),
	(11, 44, 3),
	(16, 44, 3),
	(20, 44, 2),
	(24, 44, 2),
	(29, 44, 2),
	(30, 44, 2),
	(37, 44, 3),
	(40, 44, 4),
	(42, 44, 3),
	(46, 44, 4),
	(47, 44, 3),
	(48, 44, 3),
	(8, 45, 4),
	(11, 45, 4),
	(12, 45, 3),
	(15, 45, 2),
	(17, 45, 3),
	(28, 45, 2),
	(29, 45, 4),
	(37, 45, 1),
	(43, 45, 3),
	(45, 45, 3),
	(50, 45, 4),
	(6, 46, 2),
	(17, 46, 1),
	(50, 46, 3),
	(1, 47, 4),
	(2, 47, 1),
	(4, 47, 3),
	(5, 47, 1),
	(6, 47, 4),
	(11, 47, 3),
	(15, 47, 1),
	(16, 47, 4),
	(28, 47, 4),
	(32, 47, 1),
	(35, 47, 2),
	(36, 47, 1),
	(38, 47, 3),
	(48, 47, 2),
	(6, 48, 2),
	(16, 48, 1),
	(23, 48, 4),
	(26, 48, 1),
	(27, 48, 1),
	(37, 48, 1),
	(40, 48, 4),
	(1, 49, 1),
	(3, 49, 1),
	(6, 49, 2),
	(8, 49, 1),
	(11, 49, 3),
	(16, 49, 3),
	(17, 49, 2),
	(20, 49, 1),
	(30, 49, 2),
	(32, 49, 4),
	(33, 49, 2),
	(34, 49, 1),
	(38, 49, 4),
	(40, 49, 1),
	(43, 49, 1),
	(45, 49, 2),
	(47, 49, 3),
	(48, 49, 4),
	(49, 49, 4),
	(12, 50, 4),
	(16, 50, 3),
	(19, 50, 2),
	(27, 50, 4),
	(31, 50, 2),
	(33, 50, 2),
	(34, 50, 3),
	(43, 50, 2),
	(48, 50, 3);
INSERT INTO waybill_points (point_id, order_id, waybill_id, type, visit_order, visited) VALUES 
	(20, 2, 1, 'source', 1, FALSE),
	(39, 2, 1, 'delivery', 2, FALSE),
	(43, 2, 1, 'return', 3, FALSE),
	(26, 1, 1, 'source', 4, FALSE),
	(34, 4, 1, 'source', 5, FALSE),
	(41, 4, 1, 'delivery', 6, FALSE),
	(29, 1, 1, 'delivery', 7, FALSE),
	(32, 1, 1, 'return', 8, FALSE),
	(47, 4, 1, 'return', 9, FALSE),
	(12, 3, 1, 'source', 10, FALSE),
	(16, 3, 1, 'delivery', 11, FALSE),
	(34, 3, 1, 'return', 12, FALSE),
	(4, 5, 2, 'source', 1, FALSE),
	(8, 6, 2, 'source', 2, FALSE),
	(16, 5, 2, 'delivery', 3, FALSE),
	(25, 6, 2, 'delivery', 4, FALSE),
	(43, 5, 2, 'return', 5, FALSE),
	(38, 6, 2, 'return', 6, FALSE),
	(10, 9, 3, 'source', 1, FALSE),
	(28, 9, 3, 'delivery', 2, FALSE),
	(41, 9, 3, 'return', 3, FALSE),
	(9, 8, 3, 'source', 4, FALSE),
	(12, 7, 3, 'source', 5, FALSE),
	(17, 8, 3, 'delivery', 6, FALSE),
	(33, 8, 3, 'return', 7, FALSE),
	(19, 7, 3, 'delivery', 8, FALSE),
	(37, 7, 3, 'return', 9, FALSE),
	(12, 10, 4, 'source', 1, FALSE),
	(30, 10, 4, 'delivery', 2, FALSE),
	(41, 10, 4, 'return', 3, FALSE),
	(41, 13, 5, 'source', 1, FALSE),
	(9, 14, 5, 'source', 2, FALSE),
	(45, 13, 5, 'delivery', 3, FALSE),
	(49, 13, 5, 'return', 4, FALSE),
	(12, 14, 5, 'delivery', 5, FALSE),
	(32, 14, 5, 'return', 6, FALSE),
	(2, 12, 5, 'source', 7, FALSE),
	(15, 11, 5, 'source', 8, FALSE),
	(34, 11, 5, 'delivery', 9, FALSE),
	(35, 12, 5, 'delivery', 10, FALSE),
	(47, 12, 5, 'return', 11, FALSE),
	(43, 11, 5, 'return', 12, FALSE),
	(23, 15, 6, 'source', 1, FALSE),
	(26, 15, 6, 'delivery', 2, FALSE),
	(28, 15, 6, 'return', 3, FALSE),
	(4, 17, 7, 'source', 1, FALSE),
	(20, 18, 7, 'source', 2, FALSE),
	(16, 16, 7, 'source', 3, FALSE),
	(34, 18, 7, 'delivery', 4, FALSE),
	(30, 16, 7, 'delivery', 5, FALSE),
	(9, 17, 7, 'delivery', 6, FALSE),
	(34, 16, 7, 'return', 7, FALSE),
	(41, 18, 7, 'return', 8, FALSE),
	(36, 17, 7, 'return', 9, FALSE),
	(21, 19, 8, 'source', 1, FALSE),
	(24, 19, 8, 'delivery', 2, FALSE),
	(27, 19, 8, 'return', 3, FALSE),
	(12, 20, 9, 'source', 1, FALSE),
	(27, 20, 9, 'delivery', 2, FALSE),
	(34, 20, 9, 'return', 3, FALSE),
	(3, 21, 10, 'source', 1, FALSE),
	(39, 21, 10, 'delivery', 2, FALSE),
	(10, 22, 10, 'source', 3, FALSE),
	(50, 21, 10, 'return', 4, FALSE),
	(28, 22, 10, 'delivery', 5, FALSE),
	(48, 22, 10, 'return', 6, FALSE),
	(1, 26, 11, 'source', 1, FALSE),
	(4, 24, 11, 'source', 2, FALSE),
	(23, 23, 11, 'source', 3, FALSE),
	(5, 26, 11, 'delivery', 4, FALSE),
	(39, 23, 11, 'delivery', 5, FALSE),
	(47, 26, 11, 'return', 6, FALSE),
	(6, 25, 11, 'source', 7, FALSE),
	(10, 24, 11, 'delivery', 8, FALSE),
	(41, 23, 11, 'return', 9, FALSE),
	(29, 25, 11, 'delivery', 10, FALSE),
	(12, 24, 11, 'return', 11, FALSE),
	(48, 25, 11, 'return', 12, FALSE),
	(14, 27, 12, 'source', 1, FALSE),
	(18, 27, 12, 'delivery', 2, FALSE),
	(30, 27, 12, 'return', 3, FALSE),
	(1, 30, 13, 'source', 1, FALSE),
	(37, 30, 13, 'delivery', 2, FALSE),
	(3, 28, 13, 'source', 3, FALSE),
	(6, 28, 13, 'delivery', 4, FALSE),
	(42, 30, 13, 'return', 5, FALSE),
	(2, 29, 13, 'source', 6, FALSE),
	(21, 29, 13, 'delivery', 7, FALSE),
	(14, 28, 13, 'return', 8, FALSE),
	(34, 29, 13, 'return', 9, FALSE),
	(9, 33, 14, 'source', 1, FALSE),
	(20, 32, 14, 'source', 2, FALSE),
	(39, 32, 14, 'delivery', 3, FALSE),
	(18, 31, 14, 'source', 4, FALSE),
	(29, 33, 14, 'delivery', 5, FALSE),
	(45, 32, 14, 'return', 6, FALSE),
	(48, 33, 14, 'return', 7, FALSE),
	(29, 31, 14, 'delivery', 8, FALSE),
	(32, 31, 14, 'return', 9, FALSE),
	(23, 36, 15, 'source', 1, FALSE),
	(5, 34, 15, 'source', 2, FALSE),
	(19, 34, 15, 'delivery', 3, FALSE),
	(25, 36, 15, 'delivery', 4, FALSE),
	(10, 37, 15, 'source', 5, FALSE),
	(20, 34, 15, 'return', 6, FALSE),
	(6, 35, 15, 'source', 7, FALSE),
	(35, 36, 15, 'return', 8, FALSE),
	(31, 35, 15, 'delivery', 9, FALSE),
	(32, 37, 15, 'delivery', 10, FALSE),
	(49, 37, 15, 'return', 11, FALSE),
	(49, 35, 15, 'return', 12, FALSE),
	(1, 38, 16, 'source', 1, FALSE),
	(4, 39, 16, 'source', 2, FALSE),
	(18, 40, 16, 'source', 3, FALSE),
	(28, 39, 16, 'delivery', 4, FALSE),
	(33, 40, 16, 'delivery', 5, FALSE),
	(21, 38, 16, 'delivery', 6, FALSE),
	(36, 40, 16, 'return', 7, FALSE),
	(48, 39, 16, 'return', 8, FALSE),
	(40, 38, 16, 'return', 9, FALSE),
	(18, 41, 16, 'source', 10, FALSE),
	(20, 41, 16, 'delivery', 11, FALSE),
	(29, 41, 16, 'return', 12, FALSE),
	(3, 45, 17, 'source', 1, FALSE),
	(16, 43, 17, 'source', 2, FALSE),
	(40, 45, 17, 'delivery', 3, FALSE),
	(28, 42, 17, 'source', 4, FALSE),
	(29, 43, 17, 'delivery', 5, FALSE),
	(45, 43, 17, 'return', 6, FALSE),
	(48, 45, 17, 'return', 7, FALSE),
	(5, 44, 17, 'source', 8, FALSE),
	(34, 44, 17, 'delivery', 9, FALSE),
	(42, 44, 17, 'return', 10, FALSE),
	(29, 42, 17, 'delivery', 11, FALSE),
	(46, 42, 17, 'return', 12, FALSE),
	(12, 46, 18, 'source', 1, FALSE),
	(14, 46, 18, 'delivery', 2, FALSE),
	(40, 46, 18, 'return', 3, FALSE);
INSERT INTO chats (order_id, updated_at) VALUES 
	(1, NOW()),
	(2, NOW()),
	(3, NOW()),
	(4, NOW()),
	(5, NOW()),
	(6, NOW()),
	(7, NOW()),
	(8, NOW()),
	(9, NOW()),
	(10, NOW()),
	(11, NOW()),
	(12, NOW()),
	(13, NOW()),
	(14, NOW()),
	(15, NOW()),
	(16, NOW()),
	(17, NOW()),
	(18, NOW()),
	(19, NOW()),
	(20, NOW()),
	(21, NOW()),
	(22, NOW()),
	(23, NOW()),
	(24, NOW()),
	(25, NOW()),
	(26, NOW()),
	(27, NOW()),
	(28, NOW()),
	(29, NOW()),
	(30, NOW()),
	(31, NOW()),
	(32, NOW()),
	(33, NOW()),
	(34, NOW()),
	(35, NOW()),
	(36, NOW()),
	(37, NOW()),
	(38, NOW()),
	(39, NOW()),
	(40, NOW()),
	(41, NOW()),
	(42, NOW()),
	(43, NOW()),
	(44, NOW()),
	(45, NOW()),
	(46, NOW());
INSERT INTO chat_messages (chat_id, person_id, message, created_at, status) VALUES 
	(1, 16, 'inverse grandfather', NOW(), 'read'),
	(2, 17, 'parchment grip', NOW(), 'sent'),
	(2, 17, 'ejector financing', NOW(), 'read'),
	(3, 13, 'pecan egg', NOW(), 'read'),
	(3, 13, 'paw advance', NOW(), 'received'),
	(3, 13, 'editing inclusion', NOW(), 'sent'),
	(3, 13, 'compensation comestible', NOW(), 'received'),
	(3, 13, 'virginal soot', NOW(), 'read'),
	(4, 15, 'equinox rum', NOW(), 'received'),
	(5, 12, 'abbey recommendation', NOW(), 'received'),
	(5, 12, 'delight dragon', NOW(), 'sent'),
	(5, 8, 'breakthrough nail', NOW(), 'received'),
	(5, 8, 'president trombone', NOW(), 'received'),
	(5, 8, 'wafer shearling', NOW(), 'received'),
	(5, 8, 'burn rutabaga', NOW(), 'read'),
	(5, 12, 'crusader deodorant', NOW(), 'sent'),
	(6, 8, 'fatigues pride', NOW(), 'sent'),
	(6, 8, 'airship picturesque', NOW(), 'received'),
	(6, 12, 'boss campaign', NOW(), 'received'),
	(6, 8, 'normal nobody', NOW(), 'sent'),
	(6, 12, 'figure cuticle', NOW(), 'received'),
	(6, 8, 'coupon muffin', NOW(), 'read'),
	(7, 20, 'best-seller co-producer', NOW(), 'received'),
	(7, 6, 'kiosk doc', NOW(), 'read'),
	(8, 16, 'chime signup', NOW(), 'received'),
	(8, 16, 'bacterium closure', NOW(), 'received'),
	(9, 6, 'camper mercury', NOW(), 'received'),
	(9, 18, 'polarisation lunge', NOW(), 'sent'),
	(9, 6, 'chard dining', NOW(), 'sent'),
	(9, 6, 'trove tell', NOW(), 'received'),
	(10, 20, 'sunroom train', NOW(), 'read'),
	(10, 3, 'girdle restroom', NOW(), 'received'),
	(10, 20, 'continuity effective', NOW(), 'sent'),
	(10, 3, 'latte mutton', NOW(), 'read'),
	(10, 20, 'molasses buffet', NOW(), 'sent'),
	(10, 3, 'discharge utensil', NOW(), 'received'),
	(11, 15, 'carriage icicle', NOW(), 'received'),
	(11, 5, 'division pince-nez', NOW(), 'sent'),
	(11, 5, 'basis counterterrorism', NOW(), 'received'),
	(11, 5, 'parade accelerator', NOW(), 'received'),
	(11, 15, 'pump comportment', NOW(), 'received'),
	(11, 15, 'ideology flanker', NOW(), 'read'),
	(11, 5, 'grassland tabernacle', NOW(), 'received'),
	(13, 12, 'marimba concern', NOW(), 'sent'),
	(13, 12, 'glider transcript', NOW(), 'sent'),
	(14, 5, 'rite bronchitis', NOW(), 'received'),
	(14, 16, 'wagon backbone', NOW(), 'sent'),
	(14, 16, 'clarification availability', NOW(), 'received'),
	(14, 16, 'fugato woodshed', NOW(), 'sent'),
	(14, 16, 'slope whiskey', NOW(), 'read'),
	(14, 5, 'tongue discrimination', NOW(), 'sent'),
	(15, 6, 'catalysis modernity', NOW(), 'sent'),
	(16, 7, 'spray fool', NOW(), 'sent'),
	(16, 13, 'mozzarella boost', NOW(), 'received'),
	(16, 7, 'grassland consist', NOW(), 'received'),
	(17, 14, 'lab cruise', NOW(), 'sent'),
	(17, 14, 'self-esteem transit', NOW(), 'received'),
	(17, 14, 'leeway special', NOW(), 'read'),
	(18, 13, 'chard gloom', NOW(), 'sent'),
	(18, 7, 'liar measles', NOW(), 'sent'),
	(19, 17, 'ethnicity loophole', NOW(), 'received'),
	(19, 17, 'legislator embryo', NOW(), 'read'),
	(19, 6, 'hypothermia tennis', NOW(), 'received'),
	(19, 6, 'witch bricklaying', NOW(), 'sent'),
	(19, 6, 'arrangement fate', NOW(), 'received'),
	(19, 6, 'kilogram cappuccino', NOW(), 'received'),
	(19, 6, 'cherry off-ramp', NOW(), 'received'),
	(19, 6, 'publicity street', NOW(), 'sent'),
	(19, 6, 'bow utilization', NOW(), 'read'),
	(20, 19, 'cornet mop', NOW(), 'received'),
	(20, 6, 'image dump', NOW(), 'received'),
	(21, 7, 'sill adverb', NOW(), 'received'),
	(21, 7, 'incidence collar', NOW(), 'read'),
	(21, 18, 'underpants rationale', NOW(), 'sent'),
	(21, 18, 'frenzy orangutan', NOW(), 'read'),
	(21, 7, 'soy glucose', NOW(), 'sent'),
	(22, 7, 'drake interviewer', NOW(), 'received'),
	(22, 7, 'vehicle console', NOW(), 'read'),
	(22, 12, 'cinema gym', NOW(), 'sent'),
	(22, 7, 'spill temptation', NOW(), 'read'),
	(22, 12, 'gravel drawbridge', NOW(), 'read'),
	(22, 7, 'drapes tower', NOW(), 'received'),
	(22, 7, 'supporter honor', NOW(), 'received'),
	(23, 10, 'baggy imprisonment', NOW(), 'sent'),
	(23, 10, 'decline singer', NOW(), 'sent'),
	(23, 10, 'malnutrition stock', NOW(), 'read'),
	(25, 10, 'birthday fate', NOW(), 'received'),
	(25, 11, 'tritone percent', NOW(), 'received'),
	(25, 11, 'glutamate golf', NOW(), 'sent'),
	(25, 11, 'money septicaemia', NOW(), 'read'),
	(25, 11, 'liquid market', NOW(), 'read'),
	(25, 11, 'tussle edger', NOW(), 'read'),
	(27, 2, 'swamp stumbling', NOW(), 'sent'),
	(27, 14, 'encounter acoustics', NOW(), 'received'),
	(27, 14, 'sweat wonder', NOW(), 'sent'),
	(27, 2, 'spool pistol', NOW(), 'read'),
	(27, 14, 'siege ownership', NOW(), 'sent'),
	(27, 14, 'woman chop', NOW(), 'sent'),
	(27, 14, 'geyser hornet', NOW(), 'received'),
	(27, 2, 'marketer breadcrumb', NOW(), 'received'),
	(27, 14, 'pretzel alcohol', NOW(), 'received'),
	(28, 15, 'lounge basics', NOW(), 'received'),
	(28, 8, 'peony ectoderm', NOW(), 'read'),
	(28, 8, 'love ankle', NOW(), 'sent'),
	(28, 15, 'gopher crucifixion', NOW(), 'read'),
	(28, 15, 'center fog', NOW(), 'sent'),
	(28, 15, 'ground structure', NOW(), 'read'),
	(28, 8, 'preservation jot', NOW(), 'read'),
	(28, 15, 'health-care thunderbolt', NOW(), 'sent'),
	(28, 8, 'subway machinery', NOW(), 'sent'),
	(29, 13, 'bump standpoint', NOW(), 'sent'),
	(29, 13, 'ideal triumph', NOW(), 'received'),
	(29, 8, 'control ashtray', NOW(), 'read'),
	(29, 13, 'e-reader rest', NOW(), 'read'),
	(29, 13, 'kind divine', NOW(), 'read'),
	(29, 8, 'destruction guestbook', NOW(), 'sent'),
	(29, 8, 'wealth thumb', NOW(), 'sent'),
	(29, 13, 'secret leopard', NOW(), 'sent'),
	(29, 8, 'crack bathrobe', NOW(), 'read'),
	(30, 13, 'overcharge validity', NOW(), 'sent'),
	(30, 8, 'hell technology', NOW(), 'read'),
	(30, 8, 'great-grandfather effort', NOW(), 'read'),
	(30, 13, 'peninsula harmonica', NOW(), 'read'),
	(30, 8, 'beyond chutney', NOW(), 'received'),
	(31, 19, 'bonsai adoption', NOW(), 'sent'),
	(31, 1, 'people caliber', NOW(), 'sent'),
	(31, 19, 'barium blast', NOW(), 'sent'),
	(32, 19, 'aardvark messenger', NOW(), 'read'),
	(32, 19, 'wren judge', NOW(), 'read'),
	(32, 1, 'questioner trait', NOW(), 'sent'),
	(32, 1, 'boulevard cornflakes', NOW(), 'read'),
	(32, 1, 'muscat goggles', NOW(), 'received'),
	(32, 1, 'comfortable cut', NOW(), 'received'),
	(32, 19, 'living compensation', NOW(), 'sent'),
	(33, 1, 'bake ecosystem', NOW(), 'received'),
	(33, 1, 'celebration empowerment', NOW(), 'read'),
	(33, 13, 'confidence fisting', NOW(), 'received'),
	(33, 13, 'brush depression', NOW(), 'sent'),
	(33, 1, 'pumpkinseed broom', NOW(), 'read'),
	(33, 1, 'townhouse schedule', NOW(), 'read'),
	(33, 13, 'declaration jam', NOW(), 'read'),
	(34, 9, 'loyalty sunday', NOW(), 'read'),
	(34, 19, 'ethernet march', NOW(), 'sent'),
	(34, 9, 'finish manner', NOW(), 'read'),
	(34, 9, 'nutrient ramie', NOW(), 'received'),
	(34, 19, 'room pinto', NOW(), 'received'),
	(35, 13, 'developmental netball', NOW(), 'read'),
	(35, 13, 'statue liner', NOW(), 'received'),
	(35, 9, 'coonskin neglect', NOW(), 'received'),
	(35, 13, 'perch outlet', NOW(), 'read'),
	(35, 9, 'soundness visit', NOW(), 'sent'),
	(35, 9, 'insurance siding', NOW(), 'sent'),
	(36, 9, 'battery puppet', NOW(), 'sent'),
	(36, 9, 'education isogloss', NOW(), 'read'),
	(36, 9, 'innocence zucchini', NOW(), 'sent'),
	(36, 11, 'hashtag greatness', NOW(), 'read'),
	(37, 9, 'sonar translation', NOW(), 'read'),
	(37, 9, 'mango catalogue', NOW(), 'received'),
	(37, 9, 'mine tick', NOW(), 'read'),
	(37, 19, 'die paddle', NOW(), 'read'),
	(37, 9, 'evening-wear joke', NOW(), 'read'),
	(37, 19, 'spawn dependency', NOW(), 'read'),
	(38, 17, 'compromise model', NOW(), 'received'),
	(38, 8, 'motion affiliate', NOW(), 'read'),
	(38, 17, 'empowerment townhouse', NOW(), 'read'),
	(39, 8, 'medium pants', NOW(), 'sent'),
	(39, 8, 'media perception', NOW(), 'sent'),
	(39, 8, 'supplier neck', NOW(), 'received'),
	(39, 13, 'mussel guarantee', NOW(), 'received'),
	(39, 13, 'bet cabana', NOW(), 'received'),
	(39, 8, 'diarist western', NOW(), 'sent'),
	(39, 8, 'embossing handover', NOW(), 'sent'),
	(39, 8, 'grandma singular', NOW(), 'sent'),
	(39, 13, 'destiny sequel', NOW(), 'read'),
	(41, 8, 'yarmulke dilapidation', NOW(), 'read'),
	(41, 19, 'ashtray deficit', NOW(), 'read'),
	(41, 8, 'linguistics partnership', NOW(), 'read'),
	(41, 8, 'bunkhouse artificer', NOW(), 'read'),
	(41, 19, 'magazine strawman', NOW(), 'read'),
	(42, 7, 'cricketer butcher', NOW(), 'sent'),
	(42, 7, 'inversion lye', NOW(), 'received'),
	(42, 7, 'grasshopper ping', NOW(), 'sent'),
	(42, 7, 'stock control', NOW(), 'sent'),
	(42, 14, 'update great-grandmother', NOW(), 'read'),
	(42, 7, 'custom pendant', NOW(), 'read'),
	(42, 7, 'broccoli component', NOW(), 'sent'),
	(43, 7, 'jazz teapot', NOW(), 'received'),
	(44, 20, 'sty splendor', NOW(), 'read'),
	(44, 7, 'strobe civilization', NOW(), 'sent'),
	(44, 20, 'police roll', NOW(), 'sent'),
	(46, 10, 'picnic register', NOW(), 'sent'),
	(46, 16, 'grandson sunlamp', NOW(), 'read'),
	(46, 16, 'swimming payoff', NOW(), 'sent'),
	(46, 16, 'eyestrain punch', NOW(), 'sent'),
	(46, 16, 'pronoun aim', NOW(), 'sent'),
	(46, 16, 'blame clamp', NOW(), 'received'),
	(46, 16, 'tilt hatred', NOW(), 'received');
